trade_num,entry_date,exit_date,days_held,position_size,position_type,entry_price,exit_price,price_change,price_change_pct,trade_return_pct,profit_loss,entry_fg_value,entry_fg_change,entry_fg_momentum_short,entry_fg_momentum_medium,entry_fg_momentum_long,entry_fg_velocity,entry_fg_acceleration,entry_fg_zscore,entry_volatility,entry_price_momentum,entry_fg_price_corr,exit_fg_value,exit_fg_momentum_short,exit_fg_velocity,exit_volatility,entry_signal_strength
1,2011-04-01,2011-04-11,10,1.38,LONG,102.88861846923828,102.3554458618164,-0.533172607421875,-0.518203680207141,-0.7151210786858546,LOSS,27,3.0,2.0,3.666666666666668,8.75,1.3333333333333333,1.0,-0.8076174673082877,0.15032591673213289,0.022359078888062545,0.6381160797426318,34,-2.0,-1.0,0.12365900916564875,1.4520000000000002
2,2011-04-21,2011-05-02,11,1.9734,LONG,103.37544250488281,105.26091003417969,1.885467529296875,1.8239027409317377,3.5992896689546914,PROFIT,30,5.0,3.666666666666668,3.166666666666668,-1.0,2.0,3.0,-0.34309980771296517,0.08784289728359182,0.010907926728818573,0.8437931818963257,36,-2.0,-0.3333333333333333,0.0883034132071112,1.4520000000000002
3,2011-06-20,2011-06-30,10,1.38,LONG,99.16644287109375,102.48234558105469,3.3159027099609375,3.343774984720671,4.614409478914526,PROFIT,9,2.0,1.666666666666667,2.666666666666667,2.666666666666667,1.3333333333333333,0.6666666666666666,-1.3012105526772897,0.15090966119938412,-0.013809825129246112,0.8904908350123143,32,1.6666666666666679,2.3333333333333335,0.15353046332420917,1.32
4,2011-07-01,2011-07-07,6,1.38,LONG,103.99665069580078,105.11488342285156,1.1182327270507812,1.0752584045439217,1.4838565982706118,PROFIT,34,2.0,2.0,7.166666666666668,16.333333333333332,1.6666666666666667,-0.6666666666666667,1.0477835754372766,0.15652342455819315,0.041691215947662785,0.6236544910668456,48,-2.3333333333333357,4.666666666666667,0.15052260170121223,1.2100000000000002
5,2011-07-18,2011-07-25,7,1.9734,LONG,101.42625427246094,103.92670440673828,2.5004501342773438,2.4652888467717515,4.865001010219374,PROFIT,44,12.0,8.333333333333336,10.0,5.333333333333336,4.333333333333333,3.9999999999999996,1.541036964446798,0.14798756487460663,-0.003384020117903841,0.9034146328766619,38,-7.666666666666664,-3.0,0.14730753131302568,1.32
6,2011-08-12,2011-08-19,7,1.2557999999999998,LONG,91.7270278930664,87.47148895263672,-4.2555389404296875,-4.639351168546213,-5.826097197460333,LOSS,6,3.0,2.3333333333333335,2.8333333333333335,-1.25,1.3333333333333333,0.6666666666666666,-0.9009638210042664,0.42843896264553194,-0.06277408905590509,0.8770132877851918,6,-0.666666666666667,-1.6666666666666667,0.44662824955206104,1.32
7,2011-08-23,2011-09-02,10,0.8049999999999999,LONG,90.42241668701172,91.51737213134766,1.0949554443359375,1.2109336207259513,0.9748015646843907,PROFIT,9,2.0,1.666666666666667,1.166666666666667,3.333333333333333,0.6666666666666666,0.6666666666666666,-0.6218485074674959,0.4708529012108918,-0.03152699782453583,0.8571635976921482,26,-0.6666666666666679,1.3333333333333333,0.4663458547615443,1.32
8,2011-09-12,2011-09-20,8,1.0464999999999998,LONG,90.60104370117188,93.80178833007812,3.20074462890625,3.5327900189132677,3.6970647547927338,PROFIT,31,6.0,4.0,4.0,7.416666666666668,1.0,1.6666666666666665,0.5863001665650038,0.31894892703128447,-0.011894869480244208,0.14758607508549784,32,-4.333333333333336,-0.3333333333333333,0.26950249394288023,1.32
9,2011-10-05,2011-10-17,12,1.2557999999999998,LONG,89.31346893310547,93.8486099243164,4.5351409912109375,5.077779471993971,6.376675460930027,PROFIT,27,4.0,3.666666666666668,3.333333333333332,1.0,1.6666666666666667,1.6666666666666667,0.3481085046118126,0.3011306232806342,-0.016315060106482093,0.31667604027350876,48,4.333333333333336,2.0,0.3176316661809249,1.32
10,2011-10-18,2011-10-28,10,1.2557999999999998,LONG,95.68299865722656,100.38200378417969,4.699005126953125,4.911013652265206,6.167250944514644,PROFIT,48,0.0,2.3333333333333357,4.333333333333336,11.583333333333336,2.0,0.0,1.954317084954294,0.3249126375753555,0.04950469762182963,0.7991969455425639,66,-2.0,1.3333333333333333,0.2761041464788499,1.2100000000000002
11,2011-11-07,2011-11-09,2,1.4949999999999999,LONG,98.55548095703125,96.13572692871094,-2.4197540283203125,-2.455220150947557,-3.6705541256665972,LOSS,65,5.0,2.3333333333333357,2.6666666666666643,1.0,1.0,1.6666666666666665,1.644372729110463,0.2665098777446482,0.021252477524866364,0.9331274740544484,59,-4.0,-0.3333333333333333,0.30339726002988787,1.4520000000000002
12,2011-11-25,2011-12-01,6,1.7939999999999998,LONG,90.81216430664062,97.54855346679688,6.73638916015625,7.417937025936139,13.307779024529431,PROFIT,51,12.0,7.333333333333336,5.666666666666664,-0.1666666666666643,2.6666666666666665,5.0,0.517817946919963,0.2578504735516392,-0.058570363503933076,0.7475317262506956,61,-2.3333333333333357,1.3333333333333333,0.29132648726844135,1.32
13,2011-12-02,2011-12-05,3,1.38,LONG,97.46272277832031,98.5242919921875,1.0615692138671875,1.089205373711688,1.5031034157221292,PROFIT,67,6.0,2.0,6.166666666666664,13.583333333333336,1.6666666666666667,0.3333333333333335,1.368859151496313,0.2837487906235098,0.015204959641228255,0.6981947958748266,66,1.3333333333333286,-0.3333333333333333,0.2856278521012924,1.4520000000000002
14,2011-12-19,2011-12-27,8,1.7939999999999998,LONG,94.49092864990234,99.36121368408203,4.8702850341796875,5.154235548075259,9.246698573247013,PROFIT,74,14.0,9.0,11.666666666666664,9.833333333333329,4.333333333333333,3.0,1.4917811230348286,0.25366714640336707,-0.01186733124467343,0.6128827207239795,75,-1.6666666666666714,0.3333333333333333,0.2309953745103778,1.32
15,2012-01-09,2012-01-20,11,1.38,LONG,100.56304931640625,103.65021514892578,3.0871658325195312,3.069880889158627,4.236435627038905,PROFIT,81,3.0,2.0,3.3333333333333286,4.333333333333329,1.3333333333333333,1.0,1.7463549884872807,0.17872968292996522,0.025435495301467492,0.7891139141524676,88,-1.0,0.0,0.10487125057591705,1.4520000000000002
16,2012-01-31,2012-02-07,7,1.265,LONG,103.15531158447266,105.8810806274414,2.72576904296875,2.6423933010339073,3.3426275258078926,PROFIT,85,3.0,2.0,1.3333333333333286,-0.5833333333333286,1.0,1.6666666666666665,1.2090696909550354,0.08733196926450072,0.009691867948845134,0.8506564735383395,86,-1.3333333333333286,-0.6666666666666666,0.08551152811295802,1.4520000000000002
17,2012-03-09,2012-03-16,7,1.9734,LONG,108.06485748291016,110.69231414794922,2.6274566650390625,2.431370129234267,4.798065813030902,PROFIT,70,7.0,5.0,4.666666666666671,-0.1666666666666714,2.3333333333333335,3.3333333333333335,-0.9540563517060653,0.0990725728800582,0.009106901254640531,-0.5776224020783409,77,-1.3333333333333286,-0.6666666666666666,0.10276222986754824,1.4520000000000002
18,2012-04-25,2012-05-03,8,1.6445,LONG,109.81656646728516,109.86385345458984,0.0472869873046875,0.043059976127346467,0.07081213074142127,PROFIT,38,4.0,2.6666666666666643,2.6666666666666643,1.3333333333333357,1.0,1.3333333333333333,-1.6309022829806987,0.14281185195211232,0.003167699480336683,0.7693493166193364,41,-0.6666666666666643,-0.6666666666666666,0.1412203646993643,1.8876000000000004
19,2012-06-04,2012-06-14,10,1.6445,LONG,101.06687927246094,105.30364227294922,4.236763000488281,4.192039005247805,6.893808144130016,PROFIT,14,4.0,2.666666666666666,1.833333333333334,0.9166666666666661,0.6666666666666666,2.0,-1.2906184018327345,0.1465010055929236,-0.035449787215969586,0.9458417940232386,27,4.333333333333332,2.3333333333333335,0.18828625401798438,1.32
20,2012-06-15,2012-06-21,6,1.7939999999999998,LONG,106.38063049316406,105.03241729736328,-1.3482131958007812,-1.2673483786951434,-2.273622991379087,LOSS,35,8.0,8.0,11.333333333333332,16.583333333333332,4.333333333333333,1.9999999999999996,0.062286403955331165,0.1824856002399748,0.023456644623512046,0.8489998283337215,33,-2.0,-1.0,0.19229004497540303,1.4520000000000002
21,2012-06-25,2012-07-05,10,1.4949999999999999,LONG,104.14420318603516,108.48221588134766,4.3380126953125,4.165390451510209,6.227258725007762,PROFIT,39,6.0,4.0,3.5,9.416666666666668,1.0,2.0,0.5714166870280196,0.20253933459827675,-0.00416300164410921,0.7043505676791403,55,-1.6666666666666643,0.6666666666666666,0.17292137231918742,1.32
22,2012-07-16,2012-07-20,4,1.7939999999999998,LONG,107.40367126464844,108.22842407226562,0.8247528076171875,0.7679000148746784,1.377612626685173,PROFIT,48,3.0,2.3333333333333357,2.1666666666666643,-1.75,1.3333333333333333,2.333333333333333,1.1938322745556942,0.1708819123846503,0.006409441148633732,0.8342196439788815,51,-0.3333333333333357,-0.3333333333333333,0.15229863129450238,1.4520000000000002
23,2012-07-26,2012-07-31,5,1.7939999999999998,LONG,107.99051666259766,109.21185302734375,1.2213363647460938,1.1309663130532055,2.0289535656174507,PROFIT,55,4.0,6.0,5.666666666666664,6.583333333333336,2.6666666666666665,2.6666666666666665,1.4481271092968455,0.15428681443951384,0.004766558993616998,0.6789220953259174,55,-2.6666666666666643,0.0,0.14417395886212844,1.4520000000000002
24,2012-08-03,2012-08-10,7,1.7939999999999998,LONG,110.51248168945312,111.6941146850586,1.1816329956054688,1.0692303507633838,1.9181992492695104,PROFIT,63,14.0,7.333333333333336,6.333333333333336,10.0,2.6666666666666665,5.333333333333333,1.6718664945866262,0.15525304764571798,0.023113036175941737,0.8522512558908573,70,-2.6666666666666714,0.0,0.1382009584750536,1.4520000000000002
25,2012-08-13,2012-08-14,1,1.265,LONG,111.63860321044922,111.65442657470703,0.0158233642578125,0.01417373901388963,0.017929779852570382,PROFIT,75,5.0,1.6666666666666714,2.6666666666666714,10.5,0.6666666666666666,0.6666666666666666,1.8056511118966607,0.13760129525760076,0.02067170079724323,0.9284182465242629,74,1.0,-0.3333333333333333,0.1364938929883448,1.4520000000000002
26,2012-08-16,2012-08-20,4,1.6445,LONG,112.60611724853516,112.76472473144531,0.15860748291015625,0.14085156897833961,0.2316304051848795,PROFIT,78,6.0,3.3333333333333286,4.0,9.25,1.0,0.33333333333333337,1.7615024565529918,0.13643717417068932,0.024958062560375582,0.9474167837874521,75,-2.3333333333333286,1.0,0.12261555343200084,1.4520000000000002
27,2012-09-04,2012-09-14,10,1.9734,LONG,111.84477233886719,116.7696762084961,4.924903869628906,4.403338454395911,8.68954810590489,PROFIT,71,12.0,6.666666666666671,5.666666666666671,1.3333333333333286,2.6666666666666665,5.666666666666666,1.0755160295473254,0.06012116202203705,-0.0012076047948830215,0.8757879665106755,93,3.6666666666666714,2.3333333333333335,0.10648755698908116,1.32
28,2012-11-01,2012-11-05,4,1.9734,LONG,113.8769760131836,113.0955810546875,-0.7813949584960938,-0.6861746648467615,-1.354097083608599,LOSS,50,5.0,5.0,6.166666666666664,-0.5,3.0,3.0,-1.4947236792526368,0.11626507578142174,-0.006251165385567692,0.79070175651411,46,-2.6666666666666643,0.3333333333333333,0.11504520559159587,1.32
29,2012-11-19,2012-11-30,11,1.7939999999999998,LONG,110.9269790649414,113.33478546142578,2.407806396484375,2.170622887940321,3.8940974609649355,PROFIT,38,10.0,6.666666666666668,5.166666666666664,-0.6666666666666643,2.3333333333333335,5.333333333333334,-1.3613030989097508,0.1598434598614835,-0.006810206113259665,0.9097802495167405,50,-0.3333333333333357,0.3333333333333333,0.15195785356905198,1.32
30,2012-12-07,2012-12-19,12,1.9734,LONG,113.54210662841797,115.0409927368164,1.4988861083984375,1.3201147599839258,2.605114467352279,PROFIT,51,6.0,4.0,4.166666666666664,4.0,2.0,2.0,-0.36639231557888047,0.11159806187437357,0.018290906316027034,0.8989225528917022,64,-1.0,2.3333333333333335,0.0967401173025185,1.4520000000000002
31,2012-12-27,2013-01-09,13,1.6445,LONG,113.66490173339844,117.16574096679688,3.5008392333984375,3.0799650375888943,5.065002504314937,PROFIT,58,0.0,2.3333333333333357,0.3333333333333357,-0.9166666666666643,0.6666666666666666,1.0,0.5003348810033434,0.0913006375342331,-0.0023655829777879944,0.9369783127814435,81,0.0,-0.3333333333333333,0.14650392568603066,1.32
32,2013-01-10,2013-01-16,6,1.6445,LONG,118.0971450805664,118.0730209350586,-0.0241241455078125,-0.020427373999054588,-0.03359281654144527,LOSS,85,4.0,3.0,5.166666666666671,14.5,1.0,1.3333333333333333,2.4440387898961156,0.1470974961027528,0.023781495733748548,0.873153292437584,85,-1.6666666666666714,0.0,0.13871685575897286,1.4520000000000002
33,2013-01-23,2013-01-31,8,1.518,LONG,119.93585968017578,120.2008056640625,0.26494598388671875,0.22090639496246123,0.3353359075530161,PROFIT,92,3.0,2.0,3.6666666666666714,6.25,2.0,0.6666666666666667,1.9672859454032556,0.1249120238845055,0.02526952563445284,0.9093066783778212,89,-3.0,-1.3333333333333333,0.055051408734327546,1.4520000000000002
34,2013-02-14,2013-02-19,5,1.9734,LONG,122.28044128417969,123.05130004882812,0.7708587646484375,0.6304023411699777,1.2440359800648342,PROFIT,87,4.0,3.0,3.3333333333333286,1.9166666666666714,1.6666666666666667,1.6666666666666667,0.9837051399197418,0.0779291722523238,0.012239901446901458,0.33016025354394035,81,-3.0,-0.6666666666666666,0.0795260425799323,1.4520000000000002
35,2013-03-05,2013-03-12,7,1.9734,LONG,123.88636016845703,125.00244903564453,1.1160888671875,0.9008972946415339,1.777830721245603,PROFIT,71,11.0,7.333333333333336,9.5,2.5833333333333286,3.3333333333333335,2.0,-0.2301210855523092,0.12215936562499383,0.017049731811301427,-0.3159007701162986,77,-2.3333333333333286,1.3333333333333333,0.11799053568661247,1.4520000000000002
36,2013-03-28,2013-04-01,4,1.265,LONG,126.35686492919922,125.85685729980469,-0.5000076293945312,-0.3957106957937717,-0.5005740301791212,LOSS,72,2.0,2.0,2.3333333333333286,0.0833333333333286,0.6666666666666666,0.3333333333333333,-0.6580238431809026,0.07613432913935488,0.011889156740441997,0.291552730941644,63,-5.333333333333329,-1.6666666666666667,0.07865107913435475,1.4520000000000002
37,2013-04-24,2013-05-06,12,1.9734,LONG,127.3327407836914,130.47811889648438,3.1453781127929688,2.4702037303478974,4.874700041468541,PROFIT,48,2.0,2.6666666666666643,4.833333333333336,-0.1666666666666643,2.3333333333333335,-1.333333333333333,-1.411832990452112,0.14641320943330477,0.008595391387408391,-0.13389532162766016,73,6.333333333333329,3.6666666666666665,0.1486640183868587,1.2100000000000002
38,2013-05-07,2013-05-10,3,1.9734,LONG,131.1395263671875,131.79283142089844,0.6533050537109375,0.4981755476847649,0.9830996258011151,PROFIT,78,5.0,6.333333333333329,11.166666666666671,19.416666666666664,5.0,1.3333333333333335,1.0647649832427328,0.14901274778070697,0.02740063369577994,0.582044718427537,77,0.3333333333333286,-0.3333333333333333,0.14447175617651076,1.4520000000000002
39,2013-05-13,2013-05-20,7,1.6445,LONG,131.89761352539062,134.63174438476562,2.734130859375,2.072919127417472,3.4089155050380326,PROFIT,80,3.0,2.3333333333333286,3.1666666666666714,11.333333333333329,1.0,1.3333333333333333,1.3155451649590728,0.11154048652188205,0.0264036423140801,0.8874901749477853,83,-3.3333333333333286,-1.3333333333333333,0.08476714411393042,1.4520000000000002
40,2013-07-01,2013-07-12,11,1.7939999999999998,LONG,130.82806396484375,135.81434631347656,4.9862823486328125,3.8113247246192694,6.837516555966968,PROFIT,25,3.0,2.333333333333332,4.166666666666668,3.25,1.6666666666666667,0.6666666666666667,-1.2223295329935653,0.17368140136365717,-0.0005445310979572682,0.7723474742930171,61,7.333333333333336,4.333333333333333,0.1530443616343275,1.32
41,2013-07-15,2013-07-17,2,1.7939999999999998,LONG,136.33323669433594,136.17111206054688,-0.1621246337890625,-0.11891790858934437,-0.21333872800928377,LOSS,60,-1.0,2.6666666666666643,8.5,20.5,3.6666666666666665,-0.6666666666666665,0.3908716793584766,0.1505914441650191,0.03471399030249689,0.8151477220463471,57,-2.6666666666666643,-1.3333333333333333,0.14815760938853573,1.2100000000000002
42,2013-07-18,2013-07-24,6,1.265,LONG,136.9169921875,136.6332550048828,-0.2837371826171875,-0.20723299430112085,-0.2621497377909179,LOSS,62,5.0,1.6666666666666643,3.1666666666666643,13.083333333333336,0.6666666666666666,2.0,0.44127415012897603,0.1381101294389561,0.03490689694813098,0.9068462924037244,64,0.0,-1.3333333333333333,0.07930260005735836,1.4520000000000002
43,2013-08-01,2013-08-02,1,1.9734,LONG,138.3683319091797,138.60345458984375,0.2351226806640625,0.16992521151326656,0.3353304124002802,PROFIT,68,7.0,4.333333333333336,5.333333333333336,5.083333333333336,3.0,4.0,0.6954469868731795,0.07859570394634878,0.017150174461405765,0.9850632436568032,62,-1.6666666666666643,0.0,0.07281674291534616,1.4520000000000002
44,2013-09-04,2013-09-12,8,1.9734,LONG,134.38735961914062,136.98187255859375,2.594512939453125,1.930622751132316,3.8098909370845124,PROFIT,28,11.0,6.333333333333332,6.333333333333332,3.166666666666668,1.6666666666666667,4.0,-0.723114290647466,0.10505720900791857,-0.003532233905720883,0.903815606645783,46,-2.3333333333333357,1.0,0.11258034340852179,1.32
45,2013-09-16,2013-09-23,7,1.265,LONG,138.0845947265625,138.44801330566406,0.3634185791015625,0.2631854623763141,0.33292960990603737,PROFIT,50,2.0,2.0,2.3333333333333357,13.083333333333336,1.0,2.333333333333333,0.44424881555013324,0.09981467923248083,0.02433503035749429,0.9404121406718119,49,-7.0,-2.3333333333333335,0.10211594973947502,1.4520000000000002
46,2013-10-10,2013-10-22,12,1.9734,LONG,137.82882690429688,142.9127960205078,5.0839691162109375,3.6886108881569735,7.2791047266889715,PROFIT,35,6.0,7.0,6.0,0.75,2.6666666666666665,4.333333333333333,-0.6112577838211967,0.12736636670250148,0.000737750151200478,0.840804517142642,55,0.3333333333333357,2.3333333333333335,0.13245435028526317,1.4520000000000002
47,2013-10-23,2013-11-04,12,1.9734,LONG,142.2283935546875,144.06971740722656,1.8413238525390625,1.2946246572285602,2.554812298574841,PROFIT,61,6.0,4.666666666666664,7.833333333333336,18.333333333333336,1.6666666666666667,-0.6666666666666667,1.5103770627722146,0.1335016718293092,0.025591128801999652,0.7653726559376254,68,1.0,1.3333333333333333,0.11597583735139907,1.2100000000000002
48,2013-11-29,2013-12-02,3,1.9734,LONG,147.46719360351562,147.08419799804688,-0.38299560546875,-0.2597158026201307,-0.5125231648905659,LOSS,70,3.0,3.0,2.8333333333333286,1.6666666666666714,1.3333333333333333,1.6666666666666665,1.1421095693979832,0.088395998766436,0.013509065385293395,0.6176105068552149,66,-1.6666666666666714,0.6666666666666666,0.08947837960268279,1.4520000000000002
49,2013-12-19,2014-01-02,14,1.9734,LONG,147.8664093017578,149.8405303955078,1.97412109375,1.3350706918981992,2.634628503391906,PROFIT,50,1.0,4.333333333333336,6.166666666666664,-0.3333333333333357,1.6666666666666667,-1.9999999999999998,-0.31524421991276586,0.09977763797006925,0.007659385846499278,-0.059423698986911515,71,-1.6666666666666714,-0.3333333333333333,0.10444541738640808,1.2100000000000002
50,2014-01-09,2014-01-10,1,1.518,LONG,150.4303741455078,150.83993530273438,0.4095611572265625,0.2722596148237999,0.41329009530252825,PROFIT,68,4.0,1.6666666666666714,1.3333333333333286,0.5833333333333286,1.3333333333333333,2.0,0.6810137242167895,0.09699405169952893,0.011431905786211338,0.7079618111355501,66,0.0,-0.3333333333333333,0.08546085234324514,1.4520000000000002
51,2014-02-07,2014-02-20,13,1.7939999999999998,LONG,147.18649291992188,150.8072052001953,3.6207122802734375,2.4599487415216226,4.413148042289791,PROFIT,22,5.0,2.333333333333332,4.166666666666668,-0.6666666666666679,2.3333333333333335,1.0000000000000002,-1.754502879114437,0.1646903462057922,-0.0034689736026844997,0.9172858913424824,45,3.0,5.0,0.1614878378181747,1.7160000000000002
52,2014-02-21,2014-02-28,7,1.7939999999999998,LONG,150.6351776123047,152.60110473632812,1.9659271240234375,1.3050916493644094,2.3413344189597503,PROFIT,48,3.0,4.0,8.666666666666664,16.0,2.0,-3.0,-0.06309890861464008,0.1586604544675075,0.021906628671553463,0.8091629212258967,56,-2.6666666666666643,-0.3333333333333333,0.12450025733956377,1.2100000000000002
53,2014-03-03,2014-03-11,8,1.9734,LONG,151.5280303955078,153.37110900878906,1.84307861328125,1.2163284961010712,2.400302654205854,PROFIT,63,7.0,2.6666666666666643,4.5,14.083333333333336,1.6666666666666667,2.0,0.8298495557617243,0.1255430629008988,0.016396072863624545,0.8867306688379485,76,-3.3333333333333286,-1.3333333333333333,0.08327275294720576,1.4520000000000002
54,2014-03-31,2014-04-04,4,1.9734,LONG,153.86705017089844,153.36509704589844,-0.501953125,-0.3262252213469319,-0.6437728518060354,LOSS,50,14.0,10.0,7.5,3.1666666666666643,2.3333333333333335,4.666666666666667,0.0938169342175735,0.09956440132117649,0.004895264296393309,0.597005847430843,49,-2.0,-0.6666666666666666,0.09982192162172639,1.4520000000000002
55,2014-04-21,2014-04-25,4,1.9734,LONG,153.89166259765625,153.27462768554688,-0.617034912109375,-0.4009540878914253,-0.7912427970449387,LOSS,38,10.0,6.666666666666668,11.166666666666668,5.333333333333336,5.0,3.333333333333333,-0.2327246359164558,0.13592849258109344,0.007256265288853925,0.5692318153596875,35,-3.0,-1.6666666666666667,0.1358368314259792,1.4520000000000002
56,2014-05-05,2014-05-08,3,1.265,LONG,155.0271453857422,154.41827392578125,-0.6088714599609375,-0.39275151357908156,-0.4968306646775381,LOSS,34,2.0,2.0,1.1666666666666643,-0.75,0.3333333333333333,1.0,-0.6897941489685857,0.12338630184848198,0.011621154309510384,0.5123456766602544,33,-0.3333333333333357,-0.3333333333333333,0.11576922402656807,1.4520000000000002
57,2014-05-09,2014-05-13,4,1.9734,LONG,154.6486358642578,156.29421997070312,1.6455841064453125,1.0640792899652363,2.0998540708173974,PROFIT,42,9.0,6.0,7.333333333333336,7.583333333333336,2.6666666666666665,3.0,-0.20825403511712412,0.08446858234424548,0.006285098756486862,0.5880154589833304,39,-3.0,2.0,0.07748266686679876,1.4520000000000002
58,2014-05-22,2014-06-04,13,1.9734,LONG,155.98977661132812,158.9517822265625,2.962005615234375,1.8988459882307795,3.7471826731746205,PROFIT,36,7.0,7.333333333333332,8.0,2.8333333333333357,3.3333333333333335,3.0,-0.4661031653528877,0.08618318318101285,0.007490077357867886,0.5729169157642005,66,2.6666666666666643,7.0,0.07347231781984488,1.4520000000000002
59,2014-06-05,2014-06-12,7,1.9734,LONG,159.98846435546875,159.23971557617188,-0.748748779296875,-0.4680017289454552,-0.9235546119009613,LOSS,81,15.0,10.0,21.333333333333336,34.083333333333336,7.666666666666667,0.666666666666667,3.424616287978564,0.07398360438908005,0.021660027170105067,0.8157538592644706,83,-4.0,-2.0,0.07368616961727628,1.4520000000000002
60,2014-06-18,2014-06-23,5,1.9734,LONG,161.4777069091797,161.93734741210938,0.4596405029296875,0.2846464144974581,0.5617212343692838,PROFIT,94,6.0,4.333333333333329,6.5,10.833333333333329,3.0,1.3333333333333333,2.33331324562334,0.05902502808917689,0.015604709246741955,0.9341291588455234,93,-1.3333333333333286,-0.3333333333333333,0.05435461990433761,1.4520000000000002
61,2014-06-30,2014-07-03,3,1.9734,LONG,161.80496215820312,163.85525512695312,2.05029296875,1.2671384989697332,2.5005711138668714,PROFIT,87,11.0,7.0,3.8333333333333286,0.0833333333333286,1.3333333333333333,3.666666666666667,1.4381695813480067,0.05786903541497367,0.006671211127173171,0.9311273572142469,86,-0.6666666666666714,-0.3333333333333333,0.05935504441139443,1.4520000000000002
62,2014-08-13,2014-08-25,12,1.6445,LONG,161.0775604248047,165.5086669921875,4.4311065673828125,2.750914873367094,4.523879509252186,PROFIT,13,5.0,3.666666666666666,5.0,2.166666666666666,1.0,0.0,-1.367593566616626,0.11827506765935758,-0.00227841618708291,0.7591213178795403,35,-1.0,-0.6666666666666666,0.11160286930854608,1.1
63,2014-08-29,2014-09-08,10,1.9734,LONG,165.9303741455078,165.8311309814453,-0.0992431640625,-0.05981012492352056,-0.11802930052407547,LOSS,41,8.0,5.333333333333336,5.166666666666664,9.75,1.6666666666666667,2.3333333333333335,-0.3119661705825628,0.07723713318558466,0.02119648805891572,0.9365570741049093,47,-1.0,-0.3333333333333333,0.049945940358139054,1.4520000000000002
64,2014-10-17,2014-10-29,12,1.7939999999999998,LONG,156.5395965576172,164.5465087890625,8.006912231445312,5.11494369956309,9.176208997016182,PROFIT,7,5.0,3.6666666666666665,4.833333333333334,3.75,1.6666666666666667,1.0,-0.9146991287935677,0.16805122296703845,-0.027633390555757975,0.7317549354609404,25,4.333333333333332,4.0,0.18191789674389156,1.32
65,2014-10-30,2014-11-11,12,1.7939999999999998,LONG,165.601318359375,169.58807373046875,3.98675537109375,2.4074418069800707,4.318950601722246,PROFIT,31,6.0,5.333333333333332,11.5,18.75,5.0,1.0,0.5722776962058407,0.1828755252312415,0.032321675787165605,0.7588087369561554,58,1.3333333333333357,3.0,0.1119944702216152,1.4520000000000002
66,2014-11-20,2014-11-28,8,1.9734,LONG,170.75091552734375,172.09642028808594,1.3455047607421875,0.7879927065613357,1.5550248071281398,PROFIT,59,4.0,3.0,4.333333333333336,4.666666666666664,2.0,1.3333333333333335,1.5068621575060988,0.06773382477081462,0.01694503226662203,0.9555591528549805,59,-2.3333333333333357,-1.0,0.05476581309429853,1.4520000000000002
67,2014-12-22,2014-12-31,9,1.7939999999999998,LONG,173.27178955078125,171.65994262695312,-1.611846923828125,-0.9302419788050575,-1.668854109976273,LOSS,43,10.0,6.666666666666664,14.5,6.166666666666664,7.333333333333333,2.666666666666666,0.4714937962498235,0.15701166493668248,0.015357465639496137,0.6783936813535592,45,-1.3333333333333357,-1.0,0.1585650548120869,1.4520000000000002
68,2015-01-22,2015-01-26,4,1.7939999999999998,LONG,172.1276092529297,171.58473205566406,-0.542877197265625,-0.31539228344704684,-0.565813756504002,LOSS,32,4.0,3.666666666666668,3.5,4.583333333333332,2.0,2.6666666666666665,-0.7003804389441018,0.15024257397884128,0.009618659570017174,0.7965748919455881,28,-2.333333333333332,0.0,0.1515616188239629,1.4520000000000002
69,2015-02-02,2015-02-12,10,1.7939999999999998,LONG,168.63658142089844,174.48280334472656,5.846221923828125,3.466757849672364,6.21936358231222,PROFIT,30,5.0,3.0,2.833333333333332,2.083333333333332,1.3333333333333333,2.333333333333333,-0.8371431103863898,0.17541658790003495,-0.002406168159187261,0.8114922339165946,64,4.333333333333336,4.0,0.15263190549513336,1.32
70,2015-02-13,2015-02-23,10,1.9734,LONG,175.2010040283203,176.395263671875,1.1942596435546875,0.681651141315176,1.3451703622713684,PROFIT,73,9.0,7.0,13.666666666666664,25.083333333333336,6.333333333333333,2.333333333333333,2.1689377518135853,0.14690982118768692,0.026529341774597537,0.7962674750149484,77,-1.0,-0.6666666666666666,0.13178050086809104,1.4520000000000002
71,2015-03-23,2015-03-26,3,1.9734,LONG,176.1676025390625,172.19967651367188,-3.967926025390625,-2.2523585314222605,-4.444804325908689,LOSS,48,5.0,3.3333333333333357,5.5,2.0,3.0,2.0,0.041221353689562465,0.1269279596792692,0.00774201109023176,0.5723275158011359,37,-4.666666666666664,-3.6666666666666665,0.13759110062471605,1.4520000000000002
72,2015-04-02,2015-04-15,13,1.6445,LONG,173.18113708496094,176.5283203125,3.3471832275390625,1.9327643205720335,3.1784309251807095,PROFIT,40,5.0,2.6666666666666643,3.0,-0.25,1.0,1.3333333333333333,-0.3918629958331508,0.14637000631834723,-0.002312628735611444,0.6790090718882098,60,0.0,1.3333333333333333,0.10915242451619073,1.32
73,2015-04-21,2015-04-27,6,1.265,LONG,175.83204650878906,176.8135528564453,0.98150634765625,0.5582067473730801,0.7061315354269463,PROFIT,59,4.0,2.0,1.0,4.083333333333336,0.6666666666666666,2.3333333333333335,0.42749388033718466,0.10818495333015904,0.007396820492707512,0.5481229619335823,59,-4.0,0.0,0.0927411063214314,1.4520000000000002
74,2015-05-14,2015-05-22,8,1.9734,LONG,178.0215606689453,178.6759490966797,0.654388427734375,0.3675894230313448,0.7254009674100558,PROFIT,57,2.0,3.3333333333333357,2.8333333333333357,0.5833333333333357,1.3333333333333333,2.333333333333333,0.14409098220062874,0.11499892289374189,0.009473426588725964,0.7133342412227721,60,-2.6666666666666643,-0.6666666666666666,0.10116343467212172,1.4520000000000002
75,2015-06-11,2015-06-12,1,1.9734,LONG,177.5350341796875,176.176025390625,-1.3590087890625,-0.7654876657679943,-1.51061335962656,LOSS,41,4.0,3.0,2.0,-0.5833333333333357,1.6666666666666667,2.666666666666667,-1.0442792825300078,0.09322440229258304,0.00028133120922890775,0.3715055877910431,30,-6.0,-2.0,0.08944269501043792,1.4520000000000002
76,2015-06-18,2015-06-24,6,1.9734,LONG,178.49974060058594,177.44602966308594,-1.0537109375,-0.590315108556827,-1.1649278352260424,LOSS,34,8.0,5.0,3.333333333333332,-1.1666666666666643,2.6666666666666665,4.0,-1.4002140887744021,0.10011483880122993,0.008318914474022998,0.5807786013021464,36,-6.333333333333336,2.0,0.09167440510732006,1.4520000000000002
77,2015-07-13,2015-07-21,8,1.9734,LONG,176.8306884765625,178.499755859375,1.6690673828125,0.9438788013505395,1.8626504265851547,PROFIT,24,10.0,7.333333333333332,9.833333333333334,6.916666666666668,5.0,4.666666666666667,-1.109638867380668,0.1356992819627921,0.005833089764813337,0.8181884761011935,25,-6.0,-1.6666666666666667,0.13052228062214152,1.4520000000000002
78,2015-07-29,2015-08-05,7,1.9734,LONG,177.67364501953125,177.0835723876953,-0.5900726318359375,-0.3321103879931453,-0.6553866396656729,LOSS,21,4.0,6.0,5.166666666666666,-1.6666666666666679,2.0,1.3333333333333335,-0.8790218781628579,0.1220459043675164,0.00772645497570057,0.8194632653407787,21,-3.333333333333332,0.3333333333333333,0.09971872427877884,1.4520000000000002
79,2015-08-17,2015-08-20,3,1.518,LONG,177.5218963623047,171.94143676757812,-5.5804595947265625,-3.143533112860286,-4.7718832653219145,LOSS,14,3.0,2.0,3.0,-1.583333333333334,1.6666666666666667,2.0,-0.952642516881972,0.10124109547417999,0.00475202151927645,0.7182634661428366,8,-3.333333333333334,-2.0,0.12563935093282078,1.4520000000000002
80,2015-08-25,2015-09-01,7,1.4949999999999999,LONG,157.86373901367188,161.65713500976562,3.79339599609375,2.4029558781483162,3.5924190378317324,PROFIT,9,6.0,2.333333333333333,0.0,-1.0,0.3333333333333333,3.666666666666667,-1.1515154776437508,0.20471543435270598,-0.09341550047066638,0.5796641627916426,9,-3.333333333333334,-1.3333333333333333,0.2908740345365428,1.32
81,2015-09-15,2015-09-24,9,0.8049999999999999,LONG,167.29661560058594,163.45506286621094,-3.841552734375,-2.2962525097020237,-1.8484832703101288,LOSS,16,3.0,1.666666666666666,2.0,3.083333333333334,0.3333333333333333,0.3333333333333333,-0.15211080355907772,0.32234540923570687,0.006861668040210045,0.35861699306041905,22,-6.0,-0.3333333333333333,0.22291420920671576,1.4520000000000002
82,2015-09-30,2015-10-12,12,1.4949999999999999,LONG,162.37893676757812,170.75926208496094,8.380325317382812,5.160968216818684,7.715647484143933,PROFIT,21,8.0,4.666666666666668,1.0,1.0,1.0,4.0,0.6118421910628757,0.20456647706695855,-0.013356743033817509,0.03866834442986488,41,-1.0,1.3333333333333333,0.17626815196004583,1.32
83,2015-10-16,2015-10-28,12,1.7939999999999998,LONG,172.2421875,177.0551300048828,4.8129425048828125,2.794287842450216,5.012952389355687,PROFIT,45,4.0,4.666666666666664,5.0,9.333333333333336,3.3333333333333335,3.3333333333333335,2.46613351781208,0.16828102593082786,0.034584782617193444,0.7292227362230285,69,2.6666666666666714,3.3333333333333335,0.12777932695919492,1.4520000000000002
84,2015-11-02,2015-11-06,4,1.518,LONG,178.27528381347656,177.97872924804688,-0.2965545654296875,-0.16634642732638039,-0.2525138766814454,LOSS,73,3.0,1.6666666666666714,4.166666666666671,13.0,1.3333333333333333,1.0,2.3352882375457806,0.11806456439640206,0.032026478186518714,0.9658488031651906,71,-1.0,-0.6666666666666666,0.11463940197189328,1.4520000000000002
85,2015-11-24,2015-12-01,7,1.518,LONG,177.39410400390625,178.52105712890625,1.126953125,0.635282176557106,0.9643583440136868,PROFIT,56,3.0,2.0,3.3333333333333357,0.3333333333333357,1.3333333333333333,0.6666666666666666,0.746068854142102,0.1275690164505391,0.005159177884806798,0.7902406193749629,55,-2.0,-1.3333333333333333,0.11843825232384286,1.4520000000000002
86,2015-12-16,2015-12-17,1,1.7939999999999998,LONG,176.2755584716797,173.58946228027344,-2.68609619140625,-1.5238052369227373,-2.7337065950393904,LOSS,46,11.0,9.0,11.5,3.75,7.0,7.333333333333333,-0.1038683356852191,0.15976708456229477,0.0022232945860729547,0.6880540309494982,37,-2.3333333333333357,2.3333333333333335,0.1586680509413992,1.4520000000000002
87,2015-12-23,2015-12-31,8,1.7939999999999998,LONG,175.61138916015625,173.7786865234375,-1.83270263671875,-1.043612629843349,-1.872241057938968,LOSS,43,7.0,5.0,4.0,6.583333333333336,2.0,2.3333333333333335,-0.4312928661458722,0.18260258235318652,0.0042802340313050635,0.682216161475296,46,-0.6666666666666643,-0.6666666666666666,0.18443060368272937,1.4520000000000002
88,2016-01-27,2016-02-03,7,1.38,LONG,160.3618927001953,163.0640411376953,2.7021484375,1.685031519646496,2.3253434971121645,PROFIT,18,2.0,1.6666666666666679,3.5,3.666666666666666,1.3333333333333333,0.33333333333333326,-1.3111181560714982,0.2162753511563566,-0.02915689918880171,0.9540711739263159,24,-1.3333333333333321,-0.6666666666666666,0.23845213215652686,1.32
89,2016-02-12,2016-02-25,13,1.7939999999999998,LONG,159.08331298828125,166.67819213867188,7.594879150390625,4.774151988493025,8.564828667356487,PROFIT,21,3.0,2.333333333333332,3.5,0.16666666666666785,2.0,1.6666666666666667,-0.8043341630908781,0.22158131932645864,-0.00934231529618934,0.8520010678858039,53,1.0,1.0,0.2043463179296893,1.32
90,2016-02-29,2016-03-10,10,1.15,LONG,164.99046325683594,170.08779907226562,5.0973358154296875,3.089473000324161,3.552893950372785,PROFIT,55,3.0,1.6666666666666643,2.8333333333333357,13.0,0.6666666666666666,0.0,1.6307865647689115,0.18834868592156784,0.015660559926160778,0.790649368141326,72,1.0,0.3333333333333333,0.17180738713029267,1.2100000000000002
91,2016-03-11,2016-03-21,10,1.7939999999999998,LONG,172.83251953125,175.3603515625,2.52783203125,1.462590511384021,2.623887377422933,PROFIT,75,3.0,2.3333333333333286,3.8333333333333286,9.75,1.6666666666666667,1.3333333333333335,2.0347859594114706,0.16506816503558377,0.03558353257766189,0.9255158176914442,76,-1.6666666666666714,0.3333333333333333,0.13330858189426328,1.4520000000000002
92,2016-03-31,2016-04-06,6,1.9734,LONG,176.0886688232422,176.8597869873047,0.7711181640625,0.4379146990068694,0.8641808670201561,PROFIT,71,4.0,2.6666666666666714,2.5,-1.5,2.3333333333333335,4.0,1.1441857856598303,0.08999779578259365,0.016921763543525703,0.8564288597352798,72,-0.3333333333333286,-0.6666666666666666,0.09703485104090714,1.4520000000000002
93,2016-04-13,2016-04-25,12,1.6445,LONG,178.21356201171875,178.73617553710938,0.522613525390625,0.2932512652186636,0.48225170565209236,PROFIT,70,4.0,2.6666666666666714,1.0,0.1666666666666714,0.6666666666666666,2.6666666666666665,0.8185126247613886,0.10359233286760536,0.015653250112766637,0.08925878603855404,71,-2.3333333333333286,-1.3333333333333333,0.1023370140628274,1.4520000000000002
94,2016-05-23,2016-06-03,11,1.265,LONG,175.8230438232422,180.16702270507812,4.3439788818359375,2.4706538957447455,3.1253771781171027,PROFIT,57,2.0,1.6666666666666643,1.3333333333333357,-1.1666666666666643,0.3333333333333333,0.0,-1.6422658594633506,0.10591044073220063,-0.0051584003195997985,0.891200610265331,77,-1.0,0.0,0.10270644313658123,1.4300000000000002
95,2016-06-23,2016-06-24,1,1.9734,LONG,181.5603790283203,175.0407257080078,-6.5196533203125,-3.5909009196855357,-7.086283874907436,LOSS,66,5.0,3.3333333333333357,7.5,4.833333333333336,2.0,-0.6666666666666665,-0.08842716072085494,0.07953669393322176,0.009515332414656408,0.7732585444779281,44,-13.0,-5.666666666666667,0.15221284188737016,1.2100000000000002
96,2016-06-29,2016-07-07,8,1.7939999999999998,LONG,177.98626708984375,180.45802307128906,2.4717559814453125,1.3887340983434582,2.491388972428164,PROFIT,58,10.0,7.666666666666664,4.333333333333336,3.5833333333333357,4.666666666666667,10.666666666666668,-0.762659083201627,0.18847470383673362,-0.004962121558348631,0.8238622842276406,69,0.0,-0.6666666666666666,0.19623394665340985,1.32
97,2016-07-08,2016-07-19,11,1.7939999999999998,LONG,183.14515686035156,186.19403076171875,3.0488739013671875,1.6647308362579105,2.986527120246691,PROFIT,75,6.0,4.0,5.833333333333329,13.583333333333336,2.0,2.6666666666666665,1.0429935509691826,0.20345878889962737,0.024484674674716267,0.8149268183684022,89,0.3333333333333286,-0.3333333333333333,0.19710356911961627,1.4520000000000002
98,2016-08-05,2016-08-08,3,1.9734,LONG,187.90785217285156,187.79592895507812,-0.1119232177734375,-0.05956282107385524,-0.11754127110714593,LOSS,85,4.0,3.0,7.0,3.9166666666666714,2.3333333333333335,-3.3333333333333335,1.111696663273329,0.058245955094694615,0.008810521587078624,0.9081520222761771,80,-2.0,0.0,0.05798453336161525,1.2100000000000002
99,2016-09-08,2016-09-09,1,1.9734,LONG,188.19204711914062,183.6876983642578,-4.5043487548828125,-2.3934851784843003,-4.7233036512209186,LOSS,69,5.0,3.0,4.666666666666671,3.4166666666666714,2.0,1.6666666666666667,-0.2492171889246111,0.047632728923475566,0.0008885197113261967,-0.15374857716057533,47,-13.0,-6.0,0.09588699419644288,1.4520000000000002
100,2016-09-21,2016-09-23,2,1.9734,LONG,186.81427001953125,186.9613800048828,0.1471099853515625,0.0787466532059744,0.1553986454366699,PROFIT,54,9.0,6.0,10.5,4.25,3.3333333333333335,1.3333333333333335,-1.1356936992632085,0.13246065385433994,0.0017759158785319862,0.9029307648023732,53,-2.3333333333333357,2.6666666666666665,0.13477928922514115,1.4520000000000002
101,2016-10-04,2016-10-11,7,1.9734,LONG,185.8274383544922,184.74542236328125,-1.0820159912109375,-0.5822692282647979,-1.1490500950577522,LOSS,49,4.0,3.3333333333333357,3.8333333333333357,1.1666666666666643,1.6666666666666667,1.6666666666666667,-1.1339360868140047,0.14526780903226033,-0.001092787644607629,0.8173840867102705,47,-5.333333333333336,-1.6666666666666667,0.10473062265094495,1.32
102,2016-10-21,2016-10-26,5,1.9734,LONG,185.2215118408203,185.0137939453125,-0.2077178955078125,-0.11214566463874087,-0.22130825459809125,LOSS,44,6.0,3.0,6.166666666666664,1.0833333333333357,2.0,0.33333333333333326,-0.9151518124696486,0.08835328515726219,-0.002889172437475551,0.7614304272176474,43,-4.0,-0.3333333333333333,0.08048738463984347,1.32
103,2016-11-07,2016-11-17,10,1.9734,LONG,184.50306701660156,189.5581817626953,5.05511474609375,2.7398540456993636,5.406827973783124,PROFIT,34,20.0,13.333333333333332,12.666666666666668,1.3333333333333357,5.333333333333333,8.0,-0.982478963975192,0.10752286883136818,0.0021651457491977943,0.8985083271880043,63,1.0,2.0,0.10640047167002231,1.4520000000000002
104,2016-11-21,2016-12-01,10,1.9734,LONG,190.5623016357422,190.0602569580078,-0.502044677734375,-0.26345435242172144,-0.5199008190690251,LOSS,68,7.0,4.0,6.0,19.833333333333336,2.6666666666666665,3.333333333333333,1.6323702809496874,0.10900365377638237,0.02595541658714473,0.9187345190073485,71,-1.0,-0.3333333333333333,0.1005672548460345,1.4520000000000002
105,2016-12-05,2016-12-15,10,1.6445,LONG,191.2980499267578,196.3271942138672,5.029144287109375,2.6289574248325565,4.323320485137139,PROFIT,75,4.0,2.6666666666666714,2.6666666666666714,5.5,0.6666666666666666,1.0,1.816943029900168,0.09724261297209667,0.010937317250354628,0.961229818513659,86,0.0,-0.3333333333333333,0.07814938855960285,1.4520000000000002
106,2017-01-04,2017-01-06,2,1.9734,LONG,197.28407287597656,197.8326416015625,0.5485687255859375,0.2780603206274934,0.5487242367262956,PROFIT,70,0.0,4.0,3.5,-0.75,1.6666666666666667,0.3333333333333335,0.6121491995013706,0.08339237129272993,0.007405903204209974,0.29500100621633935,68,-1.3333333333333286,-0.6666666666666666,0.07186790597669065,1.4520000000000002
107,2017-01-24,2017-01-30,6,1.9734,LONG,198.1722412109375,198.12872314453125,-0.04351806640625,-0.021959718546016305,-0.04333530857870858,LOSS,59,4.0,3.3333333333333357,3.5,0.75,2.0,2.0,-0.11932026926079264,0.06466244331946416,0.006480688730645889,-0.37812009867862917,55,-2.6666666666666643,0.0,0.068153524232074,1.4520000000000002
108,2017-02-03,2017-02-15,12,1.9734,LONG,199.687255859375,204.54579162597656,4.8585357666015625,2.433072529186875,4.801425329097379,PROFIT,60,9.0,4.666666666666664,4.166666666666664,4.333333333333336,2.0,3.333333333333333,-0.42834823370668607,0.062252226988382835,0.008555580065920942,-0.3934999338511508,80,3.3333333333333286,3.3333333333333335,0.06364168922703022,1.4520000000000002
109,2017-02-21,2017-02-23,2,1.6445,LONG,205.9127655029297,205.86924743652344,-0.04351806640625,-0.02113422463146941,-0.034755232406451446,LOSS,83,5.0,3.0,4.666666666666671,12.916666666666671,1.0,1.0,1.3940282048281867,0.06012749307667175,0.025499684916838072,0.9179937274984008,75,-4.333333333333329,-1.0,0.05336501242884662,1.4520000000000002
110,2017-03-01,2017-03-03,2,1.9734,LONG,208.77743530273438,207.59327697753906,-1.1841583251953125,-0.5671869296977605,-1.1192866870655607,LOSS,81,17.0,9.0,7.833333333333329,5.25,4.333333333333333,8.0,1.1622538576867212,0.06150540826992394,0.028114874476110385,0.8859512192867223,77,-1.6666666666666714,4.333333333333333,0.06888997040305703,1.4520000000000002
111,2017-03-29,2017-04-04,6,1.9734,LONG,205.97784423828125,205.92535400390625,-0.052490234375,-0.02548343709931622,-0.05028901477179063,LOSS,39,0.0,4.0,5.833333333333336,-1.25,2.6666666666666665,0.0,-1.5649456909352533,0.07203237009836562,-0.0014211163964154006,0.29347211237244625,43,-2.0,0.0,0.06919644238864654,1.4300000000000002
112,2017-04-20,2017-05-02,12,1.518,LONG,205.80296325683594,208.80245971679688,2.9994964599609375,1.4574602874972475,2.2124247164208217,PROFIT,34,4.0,2.0,4.166666666666668,-0.25,1.3333333333333333,-0.3333333333333335,-1.1766752496393276,0.06437039429334962,0.0025582679674160946,0.7609418378052224,47,-2.0,-1.0,0.07327807896425344,1.2100000000000002
113,2017-05-08,2017-05-15,7,1.9734,LONG,209.5807647705078,210.14041137695312,0.5596466064453125,0.2670314745048863,0.5269599117879427,PROFIT,55,8.0,6.0,6.333333333333336,8.25,2.6666666666666665,2.6666666666666665,0.18041436067770258,0.07264139556204921,0.012590939328208206,0.8572248173130897,54,-5.666666666666664,-2.3333333333333335,0.06161824647808108,1.4520000000000002
114,2017-05-16,2017-05-17,1,1.6445,LONG,209.94801330566406,206.2227325439453,-3.72528076171875,-1.774382478340053,-2.9179719856302175,LOSS,66,12.0,5.333333333333336,4.833333333333336,11.083333333333336,1.0,3.3333333333333335,1.0034246148151318,0.0601691379685973,0.007412453131982133,0.8914455813535254,45,-10.0,-5.666666666666667,0.09021977978720559,1.4520000000000002
115,2017-05-24,2017-05-30,6,1.9734,LONG,210.4114990234375,211.18980407714844,0.7783050537109375,0.3698966346056265,0.7299540187307434,PROFIT,54,5.0,2.3333333333333357,4.666666666666664,-1.25,1.6666666666666667,1.0,0.4508612758445656,0.07959938084783667,0.006765858765992894,0.8880154749427108,52,-3.6666666666666643,-0.6666666666666666,0.0803561742049426,1.4520000000000002
116,2017-06-02,2017-06-06,4,1.518,LONG,213.52471923828125,212.68519592285156,-0.8395233154296875,-0.39317382943977464,-0.5968378730895779,LOSS,57,-1.0,2.0,1.6666666666666643,4.666666666666664,1.6666666666666667,1.6666666666666667,0.9954214757443616,0.08460408852761866,0.016860309952547947,0.6202241987950656,55,-1.6666666666666643,-1.0,0.08536484205056566,1.4520000000000002
117,2017-06-19,2017-06-20,1,1.9734,LONG,214.99652099609375,213.54664611816406,-1.4498748779296875,-0.6743713206205926,-1.3308043641126774,LOSS,57,7.0,4.0,3.8333333333333357,2.5833333333333357,1.6666666666666667,3.3333333333333335,0.9746259431266221,0.05157406651192916,0.012206186885581172,0.1571490400769996,50,-2.3333333333333357,-0.6666666666666666,0.05761067373442275,1.4520000000000002
118,2017-06-23,2017-06-27,4,1.6445,LONG,213.652099609375,212.07034301757812,-1.581756591796875,-0.7403421706076552,-1.217492699564289,LOSS,52,2.0,2.3333333333333357,1.0,-0.25,0.6666666666666666,3.0,0.4002194980551219,0.055476228984128115,0.0028358059042037365,0.206271549455507,48,-3.0,-0.6666666666666666,0.06321572776820499,1.4520000000000002
119,2017-06-28,2017-06-29,1,1.9734,LONG,213.9684295654297,212.087890625,-1.8805389404296875,-0.8788861722493713,-1.7343939723169093,LOSS,60,12.0,6.333333333333336,8.333333333333336,7.833333333333336,2.6666666666666665,3.333333333333333,1.2023231003539414,0.07035031973823973,0.002877614195970102,0.5357176242921028,47,-4.666666666666664,-2.0,0.07245047064274669,1.4520000000000002
120,2017-07-05,2017-07-06,1,1.9734,LONG,213.3357391357422,211.3848876953125,-1.9508514404296875,-0.9144513002523169,-1.8045781959179221,LOSS,57,5.0,4.333333333333336,4.833333333333336,5.166666666666664,3.3333333333333335,6.0,0.8277826851927171,0.07151530002177672,0.00029731669323340704,0.24634054819086829,44,-7.0,-1.6666666666666667,0.07839197985604246,1.4520000000000002
121,2017-07-13,2017-07-21,8,1.9734,LONG,214.78567504882812,216.9474334716797,2.1617584228515625,1.0064723461469693,1.9861725278864293,PROFIT,54,7.0,5.666666666666664,6.666666666666664,4.25,2.6666666666666665,3.333333333333333,0.43630687155706466,0.08459433475266939,0.0071477491250282466,0.4445304649005728,73,1.3333333333333286,-0.3333333333333333,0.07817920434103817,1.4520000000000002
122,2017-07-26,2017-07-28,2,1.6445,LONG,217.43075561523438,216.9738006591797,-0.4569549560546875,-0.21016114061771507,-0.34560999574583245,LOSS,75,5.0,2.3333333333333286,2.8333333333333286,9.75,0.6666666666666666,1.6666666666666665,2.36785544153499,0.07121345245296848,0.012675436912073401,0.9262733771210762,69,-3.3333333333333286,-0.3333333333333333,0.0555542444328536,1.4520000000000002
123,2017-08-25,2017-08-29,4,1.9734,LONG,214.90870666503906,215.16355895996094,0.254852294921875,0.118586305262669,0.234018214805351,PROFIT,29,7.0,5.666666666666668,8.166666666666668,4.583333333333332,2.0,-0.3333333333333335,-1.365292099346699,0.09634426140923753,-0.004518195580792361,0.7695625734268056,29,-2.0,2.3333333333333335,0.09603914442341145,1.1
124,2017-08-31,2017-09-06,6,1.9734,LONG,217.4834747314453,216.96498107910156,-0.51849365234375,-0.2384059998048138,-0.4704704000148196,LOSS,43,9.0,7.666666666666664,11.0,16.75,2.6666666666666665,0.9999999999999998,-0.3860490854327047,0.10003093005267871,0.008551764329997491,0.8032125392069476,41,-9.666666666666664,-0.6666666666666666,0.10346370653161209,1.4520000000000002
125,2017-09-11,2017-09-21,10,1.9734,LONG,218.9949493408203,220.24072265625,1.2457733154296875,0.5688593819992205,1.1225871044372617,PROFIT,59,21.0,14.0,11.166666666666664,19.083333333333336,6.0,14.0,0.6203906579870346,0.09627549142885203,0.01436433399611925,0.7905733998793024,73,-4.666666666666671,-2.3333333333333335,0.05725954455351098,1.4520000000000002
126,2017-09-27,2017-10-09,12,1.6445,LONG,220.82354736328125,224.2677001953125,3.44415283203125,1.5596854924014192,2.564902792254134,PROFIT,73,6.0,2.3333333333333286,0.6666666666666714,0.8333333333333286,1.0,3.0,1.0421610370505086,0.05770243378148568,0.008340927126653241,0.9535460990526465,84,-6.0,-2.3333333333333335,0.03556646550806307,1.4520000000000002
127,2017-10-19,2017-10-23,4,1.518,LONG,225.892578125,226.17523193359375,0.28265380859375,0.12512753227214013,0.1899435939891087,PROFIT,83,1.0,2.0,4.0,-0.5833333333333286,1.6666666666666667,-0.9999999999999998,1.0164548563243012,0.032913854507327645,0.010647926765037674,0.7175016250865711,80,-4.0,-0.6666666666666666,0.03833793759366768,1.2100000000000002
128,2017-11-20,2017-11-27,7,1.9734,LONG,228.10923767089844,229.81369018554688,1.7044525146484375,0.7472088951993694,1.4745420337864357,PROFIT,51,7.0,2.6666666666666643,4.5,-1.5833333333333357,5.0,6.666666666666667,-0.9273121779462038,0.05825583975255444,0.002565485932630951,-0.6805607158815633,51,-3.6666666666666643,-1.0,0.052502876159304844,1.4520000000000002
129,2017-11-28,2017-12-04,6,1.9734,LONG,232.14508056640625,233.2666778564453,1.1215972900390625,0.48314497438519677,0.9534382924517473,PROFIT,60,9.0,3.3333333333333357,5.166666666666664,8.666666666666664,2.0,3.0,-0.5504926573837412,0.06024103458808401,0.01610714962517834,-0.5187630656473589,64,-5.0,-1.0,0.06763663457992711,1.4520000000000002
130,2017-12-12,2017-12-21,9,1.9734,LONG,235.5980682373047,237.51246643066406,1.914398193359375,0.8125695629350949,1.6035247754961162,PROFIT,67,5.0,3.3333333333333357,4.833333333333336,3.8333333333333357,2.3333333333333335,2.3333333333333335,-0.16619222127611394,0.06924525326757372,0.01871463585622446,0.5075192294168775,68,-2.6666666666666714,-2.0,0.06720825909198241,1.4520000000000002
131,2018-01-02,2018-01-12,10,1.9734,LONG,238.56874084472656,246.69058227539062,8.121841430664062,3.4044030252690094,6.718248930065863,PROFIT,67,14.0,7.666666666666664,5.5,1.0,2.0,5.666666666666666,0.07834802439602702,0.05876268652123508,0.011263683940347269,0.6770737532553829,79,2.0,1.3333333333333333,0.06497636031872724,1.4520000000000002
132,2018-01-19,2018-01-24,5,1.9734,LONG,248.9007568359375,251.35948181152344,2.4587249755859375,0.9878334669775946,1.949390563733585,PROFIT,80,8.0,4.333333333333329,3.6666666666666714,5.25,1.6666666666666667,4.0,1.6290805215596058,0.062312088167582456,0.02933344693554263,0.761220284591142,78,0.0,-0.6666666666666666,0.06448402266368776,1.4520000000000002
133,2018-03-06,2018-03-13,7,1.7939999999999998,LONG,242.21685791015625,245.6253662109375,3.40850830078125,1.4072134905017908,2.5245410019602126,PROFIT,26,12.0,9.333333333333332,11.0,9.666666666666668,6.0,6.333333333333333,-0.8782567036588548,0.2199070332424153,0.011530006167469464,0.8633165442595508,36,-4.0,3.6666666666666665,0.15104085996383065,1.4520000000000002
134,2018-04-04,2018-04-06,2,1.15,LONG,234.881103515625,231.45896911621094,-3.4221343994140625,-1.4569645442705448,-1.6755092259111264,LOSS,11,2.0,2.0,3.0,1.0,1.0,0.33333333333333337,-0.8254374219590898,0.21790182678059022,-0.016909505240376155,0.8195274321209599,9,-2.0,0.0,0.2315646819533465,1.32
135,2018-04-10,2018-04-20,10,1.4949999999999999,LONG,236.2981719970703,237.5992431640625,1.3010711669921875,0.5506056843335605,0.8231554980786728,PROFIT,14,2.0,2.333333333333334,2.666666666666666,4.75,0.3333333333333333,0.0,-0.6052282006368074,0.23139204505793365,-0.001977945962931993,0.8390887617363115,38,4.0,3.3333333333333335,0.21928880921171753,1.1
136,2018-04-23,2018-04-24,1,1.7939999999999998,LONG,237.56362915039062,234.3642120361328,-3.1994171142578125,-1.3467621814416741,-2.416091353506363,LOSS,40,2.0,3.3333333333333357,7.5,15.583333333333332,2.6666666666666665,-0.666666666666667,1.1359801360029136,0.20347731225400265,0.008432324741561636,0.6978728176749526,32,-4.666666666666664,0.0,0.18606619567822485,1.2100000000000002
137,2018-04-26,2018-05-01,5,1.4949999999999999,LONG,237.33189392089844,236.14662170410156,-1.185272216796875,-0.4994154798224959,-0.7466261423346313,LOSS,42,4.0,4.666666666666664,5.0,11.166666666666668,0.6666666666666666,0.6666666666666666,1.7395879278716788,0.17805969181381134,0.006044273357180829,0.4392319041726281,38,-2.0,-1.3333333333333333,0.1492452182104047,1.4520000000000002
138,2018-05-04,2018-05-16,12,1.6445,LONG,237.07345581054688,242.6166534423828,5.5431976318359375,2.3381772594000205,3.845132503083334,PROFIT,40,8.0,3.0,1.5,2.25,0.6666666666666666,4.0,1.6246457103659222,0.1265547881105183,0.0016227422718844142,0.6036265784061124,53,-1.0,-0.3333333333333333,0.1115750335516458,1.4520000000000002
139,2018-05-21,2018-05-23,2,1.6445,LONG,243.62364196777344,243.61465454101562,-0.0089874267578125,-0.003689061818967776,-0.006066662161292508,LOSS,56,4.0,2.3333333333333357,2.1666666666666643,5.25,1.0,2.0,1.7613956439772014,0.10736981110310866,0.01964718586355474,0.6642131188637652,54,-2.3333333333333357,0.6666666666666666,0.09376438680612396,1.4520000000000002
140,2018-06-01,2018-06-11,10,1.9734,LONG,243.8286895751953,248.24891662597656,4.42022705078125,1.8128412445977071,3.577460912089115,PROFIT,52,9.0,6.333333333333336,8.166666666666664,2.8333333333333357,6.0,6.333333333333333,1.2132838393838123,0.10813611157497649,0.008784614325347606,0.8189022750094027,64,1.0,-0.3333333333333333,0.09494185378857681,1.4520000000000002
141,2018-07-06,2018-07-11,5,1.9734,LONG,246.5528564453125,247.84185791015625,1.28900146484375,0.5228093819021229,1.0317120342456494,PROFIT,40,7.0,5.0,4.5,-1.5833333333333357,1.6666666666666667,2.0,-0.5177027811741616,0.08488435965604924,0.004128188501339558,0.8517940867592793,41,-3.3333333333333357,0.3333333333333333,0.09486513185902115,1.4520000000000002
142,2018-07-12,2018-07-16,4,1.6445,LONG,250.08872985839844,250.0619354248047,-0.02679443359375,-0.010713970841036424,-0.0176191250480844,LOSS,49,8.0,4.0,6.5,9.166666666666664,0.6666666666666666,0.3333333333333333,0.15681788327973595,0.09948330456027811,0.017729333852834372,0.6344757739504507,45,-2.0,1.3333333333333333,0.09912695803150814,1.4520000000000002
143,2018-07-18,2018-07-19,1,1.9734,LONG,251.60157775878906,250.6526641845703,-0.94891357421875,-0.37714929400342045,-0.74426641678635,LOSS,56,7.0,6.0,8.166666666666664,12.75,3.0,3.0,0.7993543437214373,0.09809206243138893,0.021321228962352556,0.5535537655839728,50,-1.6666666666666643,1.6666666666666667,0.09949912767785117,1.4520000000000002
144,2018-07-23,2018-07-27,4,1.6445,LONG,250.83172607421875,251.92396545410156,1.0922393798828125,0.4354470612539796,0.7160926922321694,PROFIT,58,5.0,4.333333333333336,6.166666666666664,9.666666666666664,0.6666666666666666,-0.6666666666666666,0.9526645509022487,0.09632441706619821,0.015441689508585599,0.5858073496218833,67,-2.6666666666666714,1.0,0.08173833794040042,1.2100000000000002
145,2018-08-03,2018-08-09,6,1.9734,LONG,253.8754119873047,255.19126892089844,1.31585693359375,0.5183081430743419,1.0228292895429063,PROFIT,71,3.0,2.6666666666666714,4.0,6.916666666666671,1.6666666666666667,0.3333333333333335,1.7093039359117466,0.07972005542278275,0.010713021789874544,0.8581130398764627,70,-2.3333333333333286,-0.6666666666666666,0.06294597642116387,1.4520000000000002
146,2018-08-20,2018-08-23,3,1.9734,LONG,255.72848510742188,255.8358917236328,0.1074066162109375,0.04200025514007333,0.08288330349342071,PROFIT,61,7.0,5.666666666666664,6.666666666666664,-0.8333333333333357,5.0,6.333333333333333,0.5658034038830728,0.08118120922657165,0.008545579246492352,0.6685656424927993,59,-1.3333333333333357,-0.6666666666666666,0.07430508290642553,1.4520000000000002
147,2018-08-24,2018-08-30,6,1.9734,LONG,257.3756408691406,259.8731384277344,2.49749755859375,0.9703706031230608,1.9149293482030483,PROFIT,68,9.0,5.333333333333336,7.333333333333336,9.583333333333336,2.3333333333333335,3.0,1.0922834980760026,0.07165496884102326,0.012284444729045774,0.4507636672904496,73,-3.3333333333333286,-1.3333333333333333,0.07243253265941718,1.4520000000000002
148,2018-09-13,2018-09-17,4,1.9734,LONG,260.34765625,259.0138244628906,-1.333831787109375,-0.5123271729508327,-1.0110264431011733,LOSS,72,13.0,8.666666666666664,13.5,7.0,5.333333333333333,2.9999999999999996,1.2045737510891963,0.0582384288130516,0.009109940783986081,0.4523989964850345,67,-3.6666666666666714,2.6666666666666665,0.057012551368177906,1.4520000000000002
149,2018-09-18,2018-09-19,1,1.265,LONG,260.4192810058594,260.69677734375,0.277496337890625,0.10655752401236285,0.134795267875639,PROFIT,73,6.0,2.0,5.833333333333329,9.333333333333336,0.3333333333333333,-2.333333333333333,1.1825290416959882,0.05922440504212871,0.006534227809697146,0.6445974720397437,71,0.6666666666666714,-0.6666666666666666,0.05898847415128814,1.2100000000000002
150,2018-09-21,2018-09-24,3,1.265,LONG,262.5693359375,261.6970520019531,-0.872283935546875,-0.3322108929560974,-0.42024677958946316,LOSS,75,1.0,1.6666666666666714,2.8333333333333286,9.666666666666671,0.6666666666666666,-1.666666666666667,1.2337094469751766,0.06381771931434845,0.011377918118935071,0.8120234618702558,70,-3.0,-0.3333333333333333,0.06328307948805627,1.2100000000000002
151,2018-10-22,2018-10-23,1,1.15,LONG,247.30018615722656,246.04122924804688,-1.2589569091796875,-0.5090804534935822,-0.5854425215176196,LOSS,16,2.0,2.0,2.666666666666666,0.3333333333333339,0.6666666666666666,0.3333333333333333,-1.7578308055964187,0.17808900155357657,-0.03146055914889723,0.8512294449191895,12,-2.0,0.0,0.17813245287163607,1.7160000000000002
152,2018-11-06,2018-11-09,3,1.7939999999999998,LONG,247.39901733398438,249.77305603027344,2.3740386962890625,0.9595990808177524,1.7215207509870476,PROFIT,12,3.0,2.333333333333334,3.833333333333334,3.166666666666666,2.0,1.3333333333333335,-1.178093197548259,0.24408722737477362,0.007794767458090046,0.9085995325277864,18,-6.0,2.0,0.21392997368222955,1.4520000000000002
153,2018-11-21,2018-12-03,12,1.4949999999999999,LONG,238.31675720214844,251.15798950195312,12.841232299804688,5.388304393934118,8.055515068931506,PROFIT,13,6.0,3.666666666666666,3.833333333333334,-0.3333333333333339,1.0,2.0,-0.7974405254342007,0.19701942113681756,-0.023987815613511376,0.6972838543002822,20,-1.6666666666666679,-0.3333333333333333,0.19293940492032766,1.32
154,2018-12-27,2019-01-03,7,1.2557999999999998,LONG,224.3773193359375,220.8859405517578,-3.4913787841796875,-1.5560301703009483,-1.9540626878639304,LOSS,8,4.0,3.333333333333333,3.0,0.916666666666667,1.6666666666666667,2.0,-0.5907490354105795,0.3063169455015465,-0.042245079631397564,0.7410530041976493,10,-1.333333333333334,-0.6666666666666666,0.29218821503836107,1.32
155,2019-01-04,2019-01-14,10,1.2557999999999998,LONG,228.28472900390625,232.8162078857422,4.5314788818359375,1.985011832201189,2.4927778588782528,PROFIT,16,6.0,3.333333333333334,4.333333333333334,7.666666666666666,1.3333333333333333,2.0,0.7654784562838428,0.307181619397017,-0.0021951466939973407,0.7824966535230891,28,-1.6666666666666679,0.3333333333333333,0.3028743784672833,1.32
156,2019-01-16,2019-01-28,12,1.7939999999999998,LONG,236.05433654785156,238.56878662109375,2.5144500732421875,1.0651996951271725,1.9109682530581473,PROFIT,36,5.0,4.333333333333332,5.5,13.166666666666668,2.0,2.0,2.771268364982426,0.28913445568925344,0.03798592797530764,0.48059414154872276,55,-2.0,0.0,0.18155040742207093,1.4520000000000002
157,2019-02-01,2019-02-08,7,1.38,LONG,244.26708984375,244.63787841796875,0.37078857421875,0.1517963694806168,0.20947898988325117,PROFIT,61,3.0,2.0,3.5,7.666666666666664,2.0,1.0,2.2204254117523066,0.15640094114816522,0.031184495610972807,0.9389897725910135,63,0.0,-0.3333333333333333,0.12178032416456157,1.4520000000000002
158,2019-02-12,2019-02-25,13,1.9734,LONG,247.92124938964844,252.8236083984375,4.9023590087890625,1.9773855693523856,3.902172682559998,PROFIT,67,5.0,3.0,3.3333333333333357,6.083333333333336,1.3333333333333333,1.6666666666666665,1.8203828791609078,0.1231377676286913,0.025781158105984137,0.95383325706222,70,0.3333333333333286,0.0,0.10166197455109674,1.4520000000000002
159,2019-03-15,2019-03-20,5,1.9734,LONG,255.56344604492188,255.78135681152344,0.2179107666015625,0.0852667977263355,0.16826549863315046,PROFIT,65,5.0,3.3333333333333357,5.333333333333336,2.6666666666666643,2.0,1.6666666666666667,0.7808093198364454,0.08896986298781322,0.01353316150166406,0.3052472391880706,64,-2.0,-0.3333333333333333,0.08341724600439097,1.4520000000000002
160,2019-04-02,2019-04-09,7,1.9734,LONG,259.796875,261.01422119140625,1.21734619140625,0.4685761487339901,0.9246881719116561,PROFIT,56,0.0,2.3333333333333357,4.0,-1.3333333333333357,2.6666666666666665,1.3333333333333333,-0.04712689823542334,0.12397091356311706,0.020399279925927827,-0.2253205790989852,70,-2.0,0.0,0.10769798380802767,1.4520000000000002
161,2019-04-23,2019-04-26,3,1.265,LONG,266.074462890625,266.555908203125,0.4814453125,0.18094382575073453,0.22889393957467916,PROFIT,73,2.0,1.6666666666666714,2.3333333333333286,2.0,0.6666666666666666,0.0,1.3596726032470616,0.06997497976174043,0.01987666108388919,0.7561989262794082,72,1.0,-0.3333333333333333,0.06498564578007489,1.2100000000000002
162,2019-06-04,2019-06-12,8,1.7939999999999998,LONG,254.85472106933594,261.9954528808594,7.1407318115234375,2.801883277485273,5.0265785998085795,PROFIT,28,3.0,2.333333333333332,3.166666666666668,-0.25,1.3333333333333333,1.3333333333333333,-1.507924399807001,0.1704455660169843,-0.009062488771815369,0.877784814215287,34,-1.6666666666666643,0.6666666666666666,0.1398260118039576,1.7160000000000002
163,2019-06-13,2019-06-25,12,1.6445,LONG,263.07647705078125,265.4332580566406,2.356781005859375,0.895853947977443,1.473231817448905,PROFIT,39,5.0,2.6666666666666643,4.5,8.833333333333332,0.6666666666666666,0.0,-0.6233746240662711,0.1391467592696484,0.020794446559153634,0.8157686262187547,44,-4.666666666666664,-0.3333333333333333,0.12545454360451522,1.2100000000000002
164,2019-06-28,2019-07-08,10,1.518,LONG,267.47808837890625,270.9653015136719,3.487213134765625,1.3037378709786829,1.9790740881456406,PROFIT,50,3.0,1.6666666666666643,1.5,5.083333333333336,2.0,3.0,0.12378170032939001,0.10640923742619027,0.017328913807254098,0.9411988806860576,59,-1.6666666666666643,-1.0,0.08195682376384285,1.4520000000000002
165,2019-07-11,2019-07-15,4,1.6445,LONG,273.238525390625,274.55303955078125,1.31451416015625,0.4810866836135297,0.7911470512024497,PROFIT,62,4.0,3.3333333333333357,2.3333333333333357,6.666666666666664,1.0,2.0,1.0199108052343149,0.08055649530441861,0.01880445729510316,0.9522313780290711,57,-4.0,-0.3333333333333333,0.08007585204189434,1.4520000000000002
166,2019-07-24,2019-07-30,6,1.9734,LONG,275.18292236328125,274.5256042480469,-0.657318115234375,-0.2388658822245593,-0.47137793198194533,LOSS,57,7.0,6.666666666666664,8.833333333333336,3.5833333333333357,4.333333333333333,3.333333333333333,1.1111278420563264,0.07183068553113152,0.013151802728161188,0.7731145682928225,53,-4.0,-0.6666666666666666,0.07235708490379653,1.4520000000000002
167,2019-08-19,2019-08-22,3,1.7939999999999998,LONG,266.86639404296875,266.893798828125,0.02740478515625,0.010269103104776356,0.01842277096996878,PROFIT,26,6.0,4.333333333333332,3.333333333333332,1.3333333333333321,1.6666666666666667,4.0,-1.0907345240440156,0.21713453192073937,-0.0032615236129771574,0.9270942663070268,25,0.6666666666666679,-0.3333333333333333,0.21758545713904118,1.32
168,2019-08-29,2019-09-11,13,1.7939999999999998,LONG,267.0946350097656,274.09661865234375,7.001983642578125,2.621536610917752,4.703036679986447,PROFIT,26,8.0,6.0,5.666666666666668,4.666666666666668,2.3333333333333335,2.3333333333333335,-0.9932865397275692,0.24039846388879238,0.011706512858285167,0.9278277350741022,57,4.666666666666664,7.333333333333333,0.18999938969706287,1.4520000000000002
169,2019-09-12,2019-09-18,6,1.7939999999999998,LONG,275.0459899902344,274.87261962890625,-0.173370361328125,-0.06303322631036057,-0.11308160800078684,LOSS,65,8.0,6.0,15.666666666666664,29.0,6.666666666666667,-0.6666666666666661,1.5395527497080022,0.1508012122832374,0.029542678335942485,0.8477742222972562,66,-0.3333333333333286,-0.6666666666666666,0.13689860878394394,1.2100000000000002
170,2019-10-11,2019-10-23,12,1.9734,LONG,271.7214050292969,275.0230407714844,3.3016357421875,1.2150812122554422,2.3978412642648896,PROFIT,42,6.0,6.0,8.833333333333336,2.5833333333333357,4.333333333333333,2.333333333333333,0.14176266441818525,0.135830188399956,0.003429177095261915,0.8791454066478134,55,-1.6666666666666643,1.6666666666666667,0.13882079845906908,1.4520000000000002
171,2019-10-25,2019-11-06,12,1.6445,LONG,276.6004638671875,281.64453125,5.0440673828125,1.823593247925448,2.9988990962133992,PROFIT,62,5.0,4.0,5.5,12.166666666666664,1.0,0.6666666666666667,1.3635162290408875,0.1372071500622168,0.019509687016004973,0.829764335840851,88,0.3333333333333286,2.6666666666666665,0.07077160670285393,1.4520000000000002
172,2019-11-07,2019-11-12,5,1.518,LONG,282.63507080078125,283.3870849609375,0.75201416015625,0.26607248634276104,0.4038980342683113,PROFIT,91,3.0,1.6666666666666714,6.666666666666671,16.58333333333333,1.6666666666666667,-0.9999999999999998,2.102182795068738,0.06919498581369049,0.020901500024964825,0.9490919561135184,88,-1.3333333333333286,-1.0,0.05608698907872318,1.2100000000000002
173,2019-11-27,2019-12-02,5,1.9734,LONG,289.3299560546875,285.8082580566406,-3.521697998046875,-1.2171909352453048,-2.4020045916130845,LOSS,78,9.0,5.666666666666671,6.333333333333329,-0.1666666666666714,3.0,3.3333333333333335,0.9123227373338024,0.055348671233286906,0.018538342724348622,0.662141204279792,74,-3.0,1.6666666666666667,0.060439167123160296,1.4520000000000002
174,2019-12-06,2019-12-10,4,1.518,LONG,288.7704772949219,287.54156494140625,-1.228912353515625,-0.42556717190328497,-0.6460109669491866,LOSS,70,3.0,2.0,0.0,-0.8333333333333286,2.3333333333333335,4.666666666666667,0.36950868848508395,0.0735562320522744,0.010906189539823918,0.013608840140086164,65,-2.6666666666666714,-0.6666666666666666,0.0745132667151436,1.4520000000000002
175,2019-12-12,2019-12-24,12,1.9734,LONG,290.84320068359375,296.0517578125,5.20855712890625,1.7908471357295452,3.5340577376486846,PROFIT,74,13.0,7.333333333333329,6.5,4.416666666666671,2.0,5.0,0.594423171449028,0.07954902079658471,0.014324411446704266,-0.48265756404917926,91,-0.3333333333333286,0.3333333333333333,0.0742224788246919,1.4520000000000002
176,2020-01-02,2020-01-07,5,1.9734,LONG,299.4064636230469,297.4342041015625,-1.972259521484375,-0.6587230942239897,-1.2999241541416213,LOSS,97,4.0,3.6666666666666714,4.5,6.833333333333329,2.0,2.0,1.4257784463903758,0.06448812448187088,0.022823357482239404,0.901097714911111,89,-2.6666666666666714,-2.6666666666666665,0.06977651420776282,1.4520000000000002
177,2020-02-05,2020-02-07,2,1.9734,LONG,306.77020263671875,306.161865234375,-0.60833740234375,-0.19830394122866135,-0.39133299762064033,LOSS,60,5.0,6.333333333333336,7.666666666666664,1.6666666666666643,5.333333333333333,5.666666666666666,-1.244624656356347,0.13524233630376073,0.014993532124120135,-0.21238594266394223,57,-3.3333333333333357,0.6666666666666666,0.13524007274983446,1.4520000000000002
178,2020-02-12,2020-02-14,2,1.6445,LONG,310.97271728515625,311.138671875,0.16595458984375,0.053366286049971734,0.08776085740917852,PROFIT,59,3.0,2.3333333333333357,0.5,4.25,0.6666666666666666,3.333333333333333,-1.094839021934893,0.13575812584566177,0.022455276184528028,-0.27448664866457595,55,-2.3333333333333357,-0.3333333333333333,0.1335519574582072,1.4520000000000002
179,2020-03-19,2020-03-20,1,0.9659999999999999,LONG,221.6586151123047,212.10643005371094,-9.55218505859375,-4.309412947362357,-4.1628929071520355,LOSS,7,2.0,1.666666666666667,2.666666666666667,1.166666666666667,1.3333333333333333,1.3333333333333333,-1.3650831020504657,0.816905922502733,-0.1595747477853221,0.8541849561905874,8,1.333333333333333,1.3333333333333333,0.8224427745634246,1.32
180,2020-03-24,2020-03-25,1,1.2557999999999998,LONG,225.40945434570312,228.78382873535156,3.3743743896484375,1.4969977188593386,1.8799297353435571,PROFIT,13,8.0,4.333333333333334,6.0,7.583333333333333,2.0,2.0,-1.0588095187789401,0.9024805553086599,-0.1031121546216176,0.8128095119571281,17,5.333333333333334,3.0,0.9068104319459142,1.32
181,2020-03-26,2020-03-27,1,1.2557999999999998,LONG,242.1424560546875,234.9301300048828,-7.2123260498046875,-2.97854666518117,-3.7404589021345127,LOSS,22,5.0,4.666666666666668,10.0,14.083333333333332,5.666666666666667,2.666666666666667,-0.7287535880435708,0.9275466462164585,-0.018897804849057454,0.7714547229907918,23,2.333333333333332,3.3333333333333335,0.9318513071537798,1.32
182,2020-03-30,2020-03-31,1,0.9659999999999999,LONG,242.55966186523438,238.94419860839844,-3.6154632568359375,-1.4905459667257759,-1.4398674038570993,LOSS,25,2.0,1.6666666666666679,7.5,13.583333333333334,2.6666666666666665,-0.666666666666667,-0.5840937059006933,0.9250433564992212,-0.0009320058804921372,0.6945844231032813,25,0.6666666666666679,1.0,0.9219419814897499,1.1
183,2020-04-06,2020-04-07,1,1.2557999999999998,LONG,245.53541564941406,245.78578186035156,0.2503662109375,0.10196745356481074,0.1280507281866893,PROFIT,27,5.0,3.666666666666668,3.333333333333332,7.833333333333332,1.6666666666666667,2.666666666666667,-0.3790091024923848,0.9124157491034184,0.053517778213864275,0.12033139780939311,25,0.33333333333333215,1.3333333333333333,0.8918976212306675,1.4520000000000002
184,2020-04-08,2020-04-09,1,1.2557999999999998,LONG,254.0364532470703,257.902099609375,3.8656463623046875,1.5216896287498782,1.9109378357840967,PROFIT,31,6.0,3.333333333333332,6.333333333333332,8.25,3.0,1.6666666666666667,-0.1730395504919029,0.8829798790975709,0.09441816028083583,0.025971932263741497,43,10.0,5.333333333333333,0.8050522465015381,1.4520000000000002
185,2020-04-14,2020-04-15,1,1.2557999999999998,LONG,263.08428955078125,257.4942321777344,-5.590057373046875,-2.1248161122018883,-2.668344073703131,LOSS,45,8.0,3.3333333333333357,10.333333333333336,16.166666666666668,4.666666666666667,0.666666666666667,0.507196834550831,0.6286359526015209,0.11452499302851904,0.21356861299193766,41,0.0,-0.6666666666666666,0.6145449163194335,1.4520000000000002
186,2020-04-27,2020-05-01,4,0.8049999999999999,LONG,266.10638427734375,262.1573486328125,-3.94903564453125,-1.4840063515407675,-1.1946251129903178,LOSS,42,3.0,1.6666666666666643,1.6666666666666643,0.8333333333333357,0.6666666666666666,1.0,0.6552610989362209,0.4205237656266906,0.05657948644168309,0.9456970557140403,42,-3.3333333333333357,0.3333333333333333,0.3839900872283415,1.4520000000000002
187,2020-05-08,2020-05-12,4,1.4949999999999999,LONG,271.1032409667969,265.754150390625,-5.349090576171875,-1.9730824895697219,-2.949758321906734,LOSS,45,5.0,3.3333333333333357,2.5,2.4166666666666643,0.3333333333333333,1.6666666666666665,1.0261426921484131,0.2866745199952068,0.03114904611301017,0.9495684047311873,39,-3.6666666666666643,-0.3333333333333333,0.2767055452319321,1.4520000000000002
188,2020-05-18,2020-05-26,8,1.7939999999999998,LONG,273.47637939453125,277.2586975097656,3.782318115234375,1.383051115276679,2.4811937008063616,PROFIT,47,8.0,5.666666666666664,6.0,5.25,2.6666666666666665,2.6666666666666665,1.31564938427021,0.27129868846466915,0.0324431509146208,0.8278724362497204,50,-0.6666666666666643,-0.6666666666666666,0.24041979432880123,1.4520000000000002
189,2020-05-27,2020-06-08,12,1.15,LONG,281.384033203125,299.618896484375,18.23486328125,6.480418619945882,7.452481412937765,PROFIT,53,3.0,2.0,2.1666666666666643,7.083333333333336,0.3333333333333333,1.0,1.3895495153268511,0.243080381995051,0.044950830920453155,0.8365393799748351,67,2.0,2.3333333333333335,0.20592523549069866,1.4520000000000002
190,2020-07-02,2020-07-13,11,1.15,LONG,290.7230529785156,293.1532287597656,2.43017578125,0.8359074921484133,0.9612936159706752,PROFIT,50,2.0,1.6666666666666643,2.1666666666666643,0.5,0.6666666666666666,-0.33333333333333337,0.24570539508197287,0.29832542698364095,0.007965262574756604,0.6199381027178819,53,-2.0,0.3333333333333333,0.19588980765764033,1.2100000000000002
191,2020-07-14,2020-07-24,10,1.7939999999999998,LONG,296.9521789550781,298.77716064453125,1.824981689453125,0.6145709035962899,1.1025402010517438,PROFIT,61,8.0,3.3333333333333357,6.5,9.666666666666664,2.6666666666666665,2.333333333333333,1.4898835624521398,0.19809628885945824,0.02490471537552419,0.5859942518113105,63,-2.3333333333333286,-0.6666666666666666,0.16683177481655154,1.4520000000000002
192,2020-08-03,2020-08-11,8,1.6445,LONG,306.1423645019531,309.8760986328125,3.733734130859375,1.2196071383108187,2.0056439389521414,PROFIT,67,2.0,2.3333333333333286,2.6666666666666714,2.4166666666666714,1.0,0.33333333333333337,1.4922138939947729,0.1279264261404998,0.02285640094745167,0.9348971056930802,71,-1.6666666666666714,-0.6666666666666666,0.10561052480953592,1.4520000000000002
193,2020-08-25,2020-08-31,6,1.265,LONG,320.4163513183594,325.2489013671875,4.832550048828125,1.508209562010343,1.9078850959430838,PROFIT,73,2.0,1.6666666666666714,2.6666666666666714,1.6666666666666714,1.0,0.0,1.3753959525187212,0.08744163932500104,0.02821827385064135,0.871846552789754,74,-1.6666666666666714,0.0,0.0828449805704583,1.2100000000000002
194,2020-09-02,2020-09-03,1,1.265,LONG,333.06097412109375,321.59893798828125,-11.4620361328125,-3.441422749410794,-4.353399778004654,LOSS,78,1.0,1.6666666666666714,2.0,4.833333333333329,0.3333333333333333,0.0,1.6124819259420036,0.09414567580076716,0.04697030482578968,0.8982758322241265,60,-11.666666666666671,-4.666666666666667,0.1641053522198232,1.2100000000000002
