Trade,Buy Date,Sell Date,Buy Price,Sell Price,Return % (price),Shares,PnL Raw,PnL After Tax,Portfolio Value,Result
1,2011-01-14,2011-01-18,99.48,99.65,0.17,201,34.02,22.69,10022.69,WIN
2,2011-02-02,2011-02-14,100.4,102.66,2.25,200,451.64,301.24,10323.93,WIN
3,2011-02-15,2011-02-18,102.34,103.51,1.14,202,235.96,157.39,10481.32,WIN
4,2011-03-21,2011-03-31,100.25,102.46,2.2,209,460.49,307.14,10788.47,WIN
5,2011-04-01,2011-04-11,102.89,102.36,-0.52,210,-111.81,-111.81,10676.66,LOSS
6,2011-04-21,2011-05-02,103.38,105.26,1.82,207,389.46,259.77,10936.43,WIN
7,2011-05-10,2011-05-16,104.99,102.92,-1.97,208,-431.43,-431.43,10505.0,LOSS
8,2011-05-27,2011-06-02,103.17,101.79,-1.33,204,-280.12,-280.12,10224.88,LOSS
9,2011-06-20,2011-06-30,99.17,102.48,3.34,206,683.79,456.09,10680.96,WIN
10,2011-07-01,2011-07-07,104.0,105.11,1.08,205,229.69,153.21,10834.17,WIN
11,2011-07-18,2011-07-25,101.43,103.93,2.47,214,534.2,356.31,11190.48,WIN
12,2011-08-12,2011-08-17,91.73,92.93,1.31,244,293.69,195.89,11386.37,WIN
13,2011-08-23,2011-09-02,90.42,91.52,1.21,252,275.76,183.93,11570.3,WIN
14,2011-09-12,2011-09-20,90.6,93.8,3.53,255,817.51,545.28,12115.58,WIN
15,2011-10-05,2011-10-17,89.31,93.85,5.08,271,1230.41,820.69,12936.26,WIN
16,2011-10-18,2011-10-25,95.68,96.05,0.38,270,99.21,66.17,13002.44,WIN
17,2011-10-26,2011-10-28,97.03,100.38,3.46,268,899.61,600.04,13602.48,WIN
18,2011-11-07,2011-11-09,98.56,96.14,-2.46,276,-667.95,-667.95,12934.52,LOSS
19,2011-11-25,2011-12-01,90.81,97.55,7.42,285,1918.94,1279.93,14214.46,WIN
20,2011-12-02,2011-12-05,97.46,98.52,1.09,292,309.65,206.54,14420.99,WIN
21,2011-12-19,2011-12-27,94.49,99.36,5.15,305,1486.58,991.55,15412.54,WIN
22,2012-01-03,2012-01-13,100.15,101.21,1.05,308,323.96,216.08,15628.62,WIN
23,2012-01-17,2012-01-23,101.6,103.38,1.76,308,548.57,365.89,15994.52,WIN
24,2012-01-31,2012-02-07,103.16,105.88,2.64,310,845.28,563.8,16558.32,WIN
25,2012-03-09,2012-03-16,108.06,110.69,2.43,306,805.2,537.07,17095.38,WIN
26,2012-04-25,2012-05-03,109.82,109.86,0.04,311,14.74,9.83,17105.21,WIN
27,2012-05-21,2012-05-24,104.12,104.56,0.42,329,145.17,96.83,17202.04,WIN
28,2012-06-04,2012-06-13,101.07,104.2,3.1,340,1066.24,711.18,17913.22,WIN
29,2012-06-14,2012-06-21,105.3,105.03,-0.26,340,-92.28,-92.28,17820.95,LOSS
30,2012-06-25,2012-07-05,104.14,108.48,4.17,342,1484.62,990.24,18811.19,WIN
31,2012-07-16,2012-07-20,107.4,108.23,0.77,350,288.9,192.7,19003.89,WIN
32,2012-07-26,2012-07-31,107.99,109.21,1.13,352,429.84,286.7,19290.59,WIN
33,2012-08-03,2012-08-10,110.51,111.69,1.07,349,412.52,275.15,19565.74,WIN
34,2012-08-13,2012-08-14,111.64,111.65,0.01,351,5.56,3.71,19569.45,WIN
35,2012-08-16,2012-08-20,112.61,112.76,0.14,348,55.14,36.78,19606.23,WIN
36,2012-09-04,2012-09-14,111.84,116.77,4.4,351,1726.66,1151.68,20757.91,WIN
37,2012-10-03,2012-10-08,115.68,116.12,0.38,359,157.35,104.95,20862.86,WIN
38,2012-10-16,2012-10-18,116.04,116.26,0.19,360,80.28,53.54,20916.4,WIN
39,2012-11-01,2012-11-05,113.88,113.1,-0.69,367,-287.04,-287.04,20629.36,LOSS
40,2012-11-19,2012-11-30,110.93,113.33,2.17,372,895.57,597.35,21226.71,WIN
41,2012-12-07,2012-12-14,113.54,113.29,-0.22,374,-92.42,-92.42,21134.29,LOSS
42,2012-12-17,2012-12-20,114.63,115.7,0.94,369,396.9,264.73,21399.02,WIN
43,2012-12-27,2013-01-08,113.66,116.87,2.82,377,1206.32,804.62,22203.63,WIN
44,2013-01-10,2013-01-16,118.1,118.07,-0.02,376,-9.03,-9.03,22194.6,LOSS
45,2013-01-23,2013-01-31,119.94,120.2,0.22,370,98.08,65.42,22260.02,WIN
46,2013-02-14,2013-02-19,122.28,123.05,0.63,364,280.65,187.2,22447.22,WIN
47,2013-03-05,2013-03-12,123.89,125.0,0.9,362,404.46,269.78,22716.99,WIN
48,2013-03-28,2013-04-01,126.36,125.86,-0.4,360,-179.79,-179.79,22537.21,LOSS
49,2013-04-09,2013-04-15,126.42,125.11,-1.04,357,-468.71,-468.71,22068.5,LOSS
50,2013-04-23,2013-05-03,127.25,130.15,2.28,347,1004.26,669.84,22738.34,WIN
51,2013-05-06,2013-05-10,130.48,131.79,1.01,349,458.19,305.61,23043.95,WIN
52,2013-05-13,2013-05-20,131.9,134.63,2.07,349,955.36,637.22,23681.17,WIN
53,2013-07-01,2013-07-12,130.83,135.81,3.81,362,1805.13,1204.02,24885.2,WIN
54,2013-07-15,2013-07-17,136.33,136.17,-0.12,365,-59.2,-59.2,24825.99,LOSS
55,2013-07-18,2013-07-22,136.92,137.43,0.37,363,185.23,123.55,24949.54,WIN
56,2013-08-01,2013-08-02,138.37,138.6,0.17,361,84.77,56.54,25006.08,WIN
57,2013-08-12,2013-08-13,137.11,137.52,0.3,365,147.87,98.63,25104.71,WIN
58,2013-09-04,2013-09-12,134.39,136.98,1.93,374,969.37,646.57,25751.28,WIN
59,2013-09-16,2013-09-20,138.08,139.09,0.73,373,375.66,250.56,26001.84,WIN
60,2013-10-01,2013-10-02,137.97,137.84,-0.09,377,-49.15,-49.15,25952.69,LOSS
61,2013-10-10,2013-10-22,137.83,142.91,3.69,377,1914.6,1277.04,27229.73,WIN
62,2013-10-23,2013-11-04,142.23,144.07,1.29,383,705.03,470.25,27699.98,WIN
63,2013-11-13,2013-11-19,145.33,145.86,0.36,381,201.88,134.65,27834.64,WIN
64,2013-11-29,2013-12-02,147.47,147.08,-0.26,378,-144.55,-144.55,27690.08,LOSS
65,2013-12-18,2013-12-31,148.04,151.29,2.2,374,1216.94,811.7,28501.78,WIN
66,2014-01-09,2014-01-10,150.43,150.84,0.27,379,155.23,103.54,28605.32,WIN
67,2014-02-07,2014-02-14,147.19,150.74,2.42,389,1381.88,921.71,29527.03,WIN
68,2014-02-18,2014-02-28,150.92,152.6,1.11,391,657.08,438.27,29965.3,WIN
69,2014-03-03,2014-03-11,151.53,153.37,1.22,396,728.95,486.21,30451.51,WIN
70,2014-03-18,2014-03-24,153.72,152.57,-0.75,396,-458.12,-458.12,29993.39,LOSS
71,2014-03-31,2014-04-04,153.87,153.37,-0.33,390,-195.67,-195.67,29797.73,LOSS
72,2014-04-16,2014-04-25,153.14,153.27,0.09,389,51.23,34.17,29831.89,WIN
73,2014-05-05,2014-05-08,155.03,154.42,-0.39,385,-234.33,-234.33,29597.56,LOSS
74,2014-05-09,2014-05-13,154.65,156.29,1.06,383,629.86,420.12,30017.68,WIN
75,2014-05-21,2014-06-03,155.61,158.63,1.94,386,1164.96,777.03,30794.71,WIN
76,2014-06-04,2014-06-12,158.95,159.24,0.18,387,111.57,74.42,30869.13,WIN
77,2014-06-17,2014-06-23,160.3,161.94,1.02,385,630.15,420.31,31289.44,WIN
78,2014-06-30,2014-07-03,161.81,163.86,1.27,387,792.95,528.9,31818.34,WIN
79,2014-07-24,2014-07-25,164.23,163.46,-0.47,387,-297.9,-297.9,31520.43,LOSS
80,2014-08-08,2014-08-20,159.75,164.45,2.94,395,1852.98,1235.93,32756.37,WIN
81,2014-08-21,2014-08-25,164.93,165.51,0.35,397,229.86,153.32,32909.69,WIN
82,2014-08-29,2014-09-08,165.93,165.83,-0.06,397,-39.34,-39.34,32870.35,LOSS
83,2014-10-17,2014-10-29,156.54,164.55,5.11,420,3362.56,2242.83,35113.17,WIN
84,2014-10-30,2014-11-11,165.6,169.59,2.41,424,1690.69,1127.69,36240.86,WIN
85,2014-11-20,2014-11-28,170.75,172.1,0.79,424,571.14,380.95,36621.82,WIN
86,2014-12-04,2014-12-08,172.48,171.61,-0.51,425,-370.35,-370.35,36251.46,LOSS
87,2014-12-18,2014-12-31,171.75,171.66,-0.05,422,-37.01,-37.01,36214.46,LOSS
88,2015-01-09,2015-01-16,170.58,168.39,-1.28,425,-929.07,-929.07,35285.39,LOSS
89,2015-01-22,2015-01-26,172.13,171.58,-0.32,410,-222.56,-222.56,35062.82,LOSS
90,2015-02-02,2015-02-12,168.64,174.48,3.47,416,2431.05,1621.51,36684.33,WIN
91,2015-02-13,2015-02-23,175.2,176.4,0.68,419,500.11,333.57,37017.91,WIN
92,2015-02-26,2015-02-27,176.54,175.94,-0.34,419,-252.17,-252.17,36765.74,LOSS
93,2015-03-19,2015-03-25,174.97,172.61,-1.35,420,-990.31,-990.31,35775.43,LOSS
94,2015-04-02,2015-04-15,173.18,176.53,1.93,413,1382.89,922.39,36697.82,WIN
95,2015-04-21,2015-04-27,175.83,176.81,0.56,417,409.69,273.27,36971.08,WIN
96,2015-05-14,2015-05-22,178.02,178.68,0.37,415,271.79,181.28,37152.37,WIN
97,2015-06-03,2015-06-05,177.78,175.97,-1.01,418,-753.85,-753.85,36398.51,LOSS
98,2015-06-11,2015-06-12,177.54,176.18,-0.77,410,-557.27,-557.27,35841.24,LOSS
99,2015-06-18,2015-06-24,178.5,177.45,-0.59,402,-423.15,-423.15,35418.1,LOSS
100,2015-07-10,2015-07-21,174.9,178.5,2.06,405,1457.84,972.38,36390.47,WIN
101,2015-07-28,2015-08-05,176.46,177.08,0.35,412,257.29,171.61,36562.09,WIN
102,2015-08-17,2015-08-20,177.52,171.94,-3.14,412,-2298.71,-2298.71,34263.37,LOSS
103,2015-08-25,2015-09-01,157.86,161.66,2.4,434,1646.67,1098.33,35361.7,WIN
104,2015-09-10,2015-09-22,165.1,164.31,-0.48,428,-336.54,-336.54,35025.16,LOSS
105,2015-09-23,2015-09-24,164.05,163.46,-0.36,427,-253.3,-253.3,34771.87,LOSS
106,2015-09-30,2015-10-12,162.38,170.76,5.16,428,3589.14,2393.96,37165.82,WIN
107,2015-10-16,2015-10-28,172.24,177.06,2.79,432,2077.06,1385.4,38551.22,WIN
108,2015-10-29,2015-11-06,176.95,177.98,0.58,436,446.73,297.97,38849.19,WIN
109,2015-11-18,2015-12-01,176.87,178.52,0.93,439,725.9,484.18,39333.37,WIN
110,2015-12-16,2015-12-17,176.28,173.59,-1.52,446,-1198.75,-1198.75,38134.62,LOSS
111,2015-12-22,2015-12-31,173.46,173.78,0.18,440,138.69,92.51,38227.13,WIN
112,2016-01-21,2016-02-02,159.13,162.09,1.86,480,1421.06,947.85,39174.97,WIN
113,2016-02-12,2016-02-24,159.08,164.68,3.52,493,2758.19,1839.71,41014.69,WIN
114,2016-02-25,2016-02-29,166.68,164.99,-1.01,492,-830.62,-830.62,40184.07,LOSS
115,2016-03-01,2016-03-08,168.87,169.12,0.15,476,117.61,78.45,40262.52,WIN
116,2016-03-11,2016-03-23,172.83,174.11,0.74,466,594.98,396.85,40659.37,WIN
117,2016-03-30,2016-04-05,176.52,174.95,-0.89,461,-722.3,-722.3,39937.06,LOSS
118,2016-04-12,2016-04-21,176.43,179.04,1.48,453,1183.04,789.09,40726.15,WIN
119,2016-05-10,2016-05-11,178.6,176.93,-0.94,456,-762.0,-762.0,39964.15,LOSS
120,2016-05-16,2016-05-17,177.17,175.51,-0.93,451,-746.02,-746.02,39218.14,LOSS
121,2016-05-20,2016-05-23,176.06,175.82,-0.14,446,-106.88,-106.88,39111.25,LOSS
122,2016-05-24,2016-06-03,178.1,180.17,1.16,439,906.89,604.9,39716.15,WIN
123,2016-06-06,2016-06-09,181.08,181.71,0.35,439,274.32,182.97,39899.12,WIN
124,2016-06-17,2016-06-22,177.87,179.23,0.77,449,610.51,407.21,40306.33,WIN
125,2016-06-23,2016-06-24,181.56,175.04,-3.59,444,-2894.73,-2894.73,37411.6,LOSS
126,2016-06-29,2016-07-07,177.99,180.46,1.39,420,1039.12,693.09,38104.69,WIN
127,2016-07-08,2016-07-19,183.15,186.19,1.66,416,1268.64,846.18,38950.88,WIN
128,2016-08-03,2016-08-09,186.19,187.91,0.93,418,720.71,480.72,39431.59,WIN
129,2016-08-15,2016-08-16,188.69,187.72,-0.52,418,-406.75,-406.75,39024.84,LOSS
130,2016-09-02,2016-09-09,188.07,183.69,-2.33,415,-1819.26,-1819.26,37205.58,LOSS
131,2016-09-16,2016-09-23,184.69,186.96,1.23,403,913.74,609.46,37815.05,WIN
132,2016-09-30,2016-10-03,187.23,186.78,-0.24,404,-181.84,-181.84,37633.21,LOSS
133,2016-10-05,2016-10-11,186.65,184.75,-1.02,403,-767.93,-767.93,36865.28,LOSS
134,2016-10-18,2016-10-19,184.99,185.48,0.27,399,196.65,131.16,36996.44,WIN
135,2016-10-21,2016-10-26,185.22,185.01,-0.11,399,-82.99,-82.99,36913.45,LOSS
136,2016-11-07,2016-11-17,184.5,189.56,2.74,400,2022.76,1349.18,38262.63,WIN
137,2016-11-21,2016-12-02,190.56,190.16,-0.21,402,-163.37,-163.37,38099.26,LOSS
138,2016-12-05,2016-12-14,191.3,195.52,2.21,398,1682.56,1122.27,39221.53,WIN
139,2017-01-03,2017-01-05,196.12,197.13,0.52,400,404.0,269.47,39490.99,WIN
140,2017-01-24,2017-01-30,198.17,198.13,-0.02,399,-17.34,-17.34,39473.66,LOSS
141,2017-02-03,2017-02-07,199.69,199.34,-0.17,395,-137.7,-137.7,39335.96,LOSS
142,2017-02-08,2017-02-17,199.6,204.69,2.55,394,2007.65,1339.1,40675.06,WIN
143,2017-02-21,2017-02-23,205.91,205.87,-0.02,395,-17.19,-17.19,40657.87,LOSS
144,2017-03-01,2017-03-03,208.78,207.59,-0.57,389,-461.21,-461.21,40196.66,LOSS
145,2017-03-28,2017-04-05,205.79,205.31,-0.23,391,-184.47,-184.47,40012.18,LOSS
146,2017-04-18,2017-04-28,204.52,208.2,1.8,391,1440.52,960.83,40973.01,WIN
147,2017-05-08,2017-05-17,209.58,206.22,-1.6,391,-1313.0,-1313.0,39660.02,LOSS
148,2017-05-22,2017-05-23,209.46,209.92,0.22,379,175.51,117.07,39777.08,WIN
149,2017-05-24,2017-05-30,210.41,211.19,0.37,378,294.29,196.29,39973.38,WIN
150,2017-06-02,2017-06-06,213.52,212.69,-0.39,374,-314.33,-314.33,39659.05,LOSS
151,2017-06-19,2017-06-20,215.0,213.55,-0.67,369,-534.9,-534.9,39124.14,LOSS
152,2017-06-23,2017-06-27,213.65,212.07,-0.74,366,-579.32,-579.32,38544.83,LOSS
153,2017-06-28,2017-06-29,213.97,212.09,-0.88,360,-677.55,-677.55,37867.27,LOSS
154,2017-07-05,2017-07-06,213.34,211.38,-0.91,355,-692.52,-692.52,37174.75,LOSS
155,2017-07-13,2017-07-18,214.79,215.88,0.51,346,377.18,251.58,37426.33,WIN
156,2017-07-19,2017-07-21,217.04,216.95,-0.04,345,-33.36,-33.36,37392.97,LOSS
157,2017-07-25,2017-07-27,217.42,217.23,-0.09,344,-66.52,-66.52,37326.45,LOSS
158,2017-08-15,2017-08-16,216.62,217.0,0.17,345,130.21,86.85,37413.3,WIN
159,2017-08-22,2017-09-01,215.68,217.79,0.98,347,731.66,442.85,37856.14,WIN
160,2017-09-11,2017-09-21,218.99,220.24,0.57,346,430.7,252.82,38108.97,WIN
161,2017-09-27,2017-10-09,220.82,224.27,1.56,345,1188.77,697.81,38806.77,WIN
162,2017-10-17,2017-10-25,225.61,225.45,-0.07,344,-54.69,-54.69,38752.09,LOSS
163,2017-11-20,2017-11-27,228.11,229.81,0.75,340,579.1,339.93,39092.02,WIN
164,2017-11-28,2017-12-04,232.15,233.27,0.48,337,377.73,221.73,39313.75,WIN
165,2017-12-08,2017-12-20,234.48,237.02,1.09,335,854.31,501.48,39815.23,WIN
166,2018-01-02,2018-01-12,238.57,246.69,3.4,334,2710.94,1591.32,41406.55,WIN
167,2018-01-19,2018-01-24,248.9,251.36,0.99,333,818.07,480.2,41886.76,WIN
168,2018-02-13,2018-02-22,236.11,240.02,1.65,355,1385.74,813.43,42700.19,WIN
169,2018-02-26,2018-02-27,246.67,243.59,-1.25,346,-1066.32,-1066.32,41633.87,LOSS
170,2018-03-05,2018-03-08,241.6,243.3,0.7,345,584.33,343.0,41976.87,WIN
171,2018-03-09,2018-03-13,247.53,245.63,-0.77,339,-647.23,-647.23,41329.63,LOSS
172,2018-04-04,2018-04-06,234.88,231.46,-1.46,352,-1204.32,-1204.32,40125.31,LOSS
173,2018-04-10,2018-04-20,236.3,237.6,0.55,340,441.87,259.38,40384.69,WIN
174,2018-04-23,2018-04-24,237.56,234.36,-1.35,340,-1087.77,-1087.77,39296.93,LOSS
175,2018-04-26,2018-05-02,237.33,234.56,-1.17,331,-917.84,-917.84,38379.08,LOSS
176,2018-05-07,2018-05-15,237.88,241.6,1.57,323,1202.04,705.6,39084.68,WIN
177,2018-05-21,2018-05-23,243.62,243.61,-0.0,321,-2.87,-2.87,39081.81,LOSS
178,2018-06-01,2018-06-13,243.83,247.78,1.62,321,1265.56,742.88,39824.7,WIN
179,2018-07-06,2018-07-11,246.55,247.84,0.52,323,416.42,244.44,40069.14,WIN
180,2018-07-12,2018-07-13,250.09,250.29,0.08,320,63.1,37.04,40106.17,WIN
181,2018-07-18,2018-07-19,251.6,250.65,-0.38,319,-302.52,-302.52,39803.65,LOSS
182,2018-07-23,2018-07-27,250.83,251.92,0.44,317,346.62,203.47,40007.12,WIN
183,2018-08-02,2018-08-09,252.79,255.19,0.95,317,759.38,445.76,40452.88,WIN
184,2018-08-20,2018-08-23,255.73,255.84,0.04,316,33.98,19.94,40472.82,WIN
185,2018-08-24,2018-08-30,257.38,259.87,0.97,315,785.45,461.06,40933.88,WIN
186,2018-09-11,2018-09-17,258.75,259.01,0.1,316,82.12,48.2,40982.09,WIN
187,2018-09-18,2018-09-19,260.42,260.7,0.11,315,87.35,51.27,41033.36,WIN
188,2018-09-20,2018-09-24,262.81,261.7,-0.42,312,-347.37,-347.37,40685.99,LOSS
189,2018-10-03,2018-10-04,262.33,260.28,-0.78,310,-635.98,-635.98,40050.01,LOSS
190,2018-10-15,2018-10-23,246.75,246.04,-0.29,325,-230.59,-230.59,39819.41,LOSS
191,2018-10-30,2018-11-01,240.79,245.95,2.14,331,1707.2,1002.12,40821.54,WIN
192,2018-11-05,2018-11-09,245.84,249.77,1.6,332,1305.0,766.04,41587.58,WIN
193,2018-11-21,2018-12-04,238.32,243.02,1.97,349,1641.42,963.51,42551.09,WIN
194,2018-12-13,2018-12-14,238.63,234.23,-1.85,357,-1571.38,-1571.38,40979.7,LOSS
195,2018-12-27,2019-01-03,224.38,220.89,-1.56,365,-1275.31,-1275.31,39704.4,LOSS
196,2019-01-04,2019-01-14,228.28,232.82,1.99,348,1576.28,925.28,40629.67,WIN
197,2019-01-16,2019-01-28,236.05,238.57,1.07,344,865.58,508.1,41137.77,WIN
198,2019-01-31,2019-02-07,244.15,244.34,0.08,337,64.06,37.61,41175.37,WIN
199,2019-02-12,2019-02-14,247.92,248.17,0.1,332,84.11,49.37,41224.75,WIN
200,2019-02-15,2019-02-21,250.88,250.92,0.02,329,14.88,8.73,41233.48,WIN
201,2019-02-27,2019-03-04,252.53,252.72,0.07,327,59.06,34.67,41268.15,WIN
202,2019-03-15,2019-03-20,255.56,255.78,0.09,323,70.41,41.33,41309.48,WIN
203,2019-03-21,2019-03-22,258.67,253.69,-1.92,319,-1590.1,-1590.1,39719.38,LOSS
204,2019-04-01,2019-04-09,259.67,261.01,0.52,306,411.34,241.46,39960.84,WIN
205,2019-04-12,2019-04-15,263.6,263.43,-0.07,303,-52.36,-52.36,39908.47,LOSS
206,2019-04-23,2019-04-24,266.07,265.48,-0.22,300,-177.12,-177.12,39731.36,LOSS
207,2019-05-10,2019-05-13,261.73,255.15,-2.51,304,-1996.9,-1996.9,37734.46,LOSS
208,2019-05-16,2019-05-20,261.37,257.96,-1.3,289,-983.68,-983.68,36750.78,LOSS
209,2019-06-04,2019-06-12,254.85,262.0,2.8,288,2059.42,1208.88,37959.67,WIN
210,2019-06-13,2019-06-25,263.08,265.43,0.9,289,680.11,399.22,38358.89,WIN
211,2019-06-28,2019-07-08,267.48,270.97,1.3,287,1000.22,587.13,38946.02,WIN
212,2019-07-11,2019-07-15,273.24,274.55,0.48,285,374.75,219.98,39166.0,WIN
213,2019-07-23,2019-07-30,273.9,274.53,0.23,286,180.17,105.76,39271.76,WIN
214,2019-08-13,2019-08-14,267.07,259.17,-2.96,294,-2322.35,-2322.35,36949.41,LOSS
215,2019-08-19,2019-08-22,266.87,266.89,0.01,277,7.58,4.45,36953.86,WIN
216,2019-08-29,2019-09-11,267.09,274.1,2.62,277,1937.51,1137.32,38091.18,WIN
217,2019-09-12,2019-09-18,275.05,274.87,-0.06,277,-48.03,-48.03,38043.15,LOSS
218,2019-09-25,2019-09-26,272.95,272.38,-0.21,279,-158.51,-158.51,37884.64,LOSS
219,2019-10-10,2019-10-22,268.93,274.23,1.97,282,1490.9,875.16,38759.8,WIN
220,2019-10-25,2019-11-06,276.6,281.64,1.82,280,1413.62,829.8,39589.59,WIN
221,2019-11-07,2019-11-11,282.64,282.79,0.06,280,43.69,25.64,39615.24,WIN
222,2019-11-27,2019-12-02,289.33,285.81,-1.22,274,-964.39,-964.39,38650.84,LOSS
223,2019-12-06,2019-12-10,288.77,287.54,-0.43,268,-328.98,-328.98,38321.87,LOSS
224,2019-12-12,2019-12-24,290.84,296.05,1.79,264,1372.58,805.7,39127.57,WIN
225,2020-01-02,2020-01-03,299.41,297.14,-0.76,261,-592.57,-592.57,38535.0,LOSS
226,2020-01-30,2020-01-31,302.0,296.51,-1.82,255,-1399.44,-1399.44,37135.56,LOSS
227,2020-02-05,2020-02-07,306.77,306.16,-0.2,242,-147.25,-147.25,36988.31,LOSS
228,2020-02-12,2020-02-14,310.97,311.14,0.05,238,39.48,23.17,37011.48,WIN
229,2020-03-04,2020-03-05,288.34,278.75,-3.32,257,-2460.65,-2460.65,34550.83,LOSS
230,2020-04-27,2020-05-01,266.11,262.16,-1.48,260,-1025.52,-1025.52,33525.31,LOSS
231,2020-05-08,2020-05-12,271.1,265.75,-1.97,247,-1322.94,-1322.94,32202.37,LOSS
232,2020-05-18,2020-05-22,273.48,273.88,0.15,236,96.06,56.39,32258.76,WIN
233,2020-05-27,2020-05-28,281.38,280.86,-0.18,229,-119.04,-119.04,32139.72,LOSS
234,2020-06-01,2020-06-11,283.26,278.68,-1.62,227,-1039.23,-1039.23,31100.49,LOSS
235,2020-07-14,2020-07-24,296.95,298.78,0.61,209,382.27,224.39,31324.88,WIN
236,2020-07-31,2020-08-11,304.03,309.88,1.92,206,1204.94,707.3,32032.18,WIN
237,2020-08-24,2020-08-31,319.3,325.25,1.86,201,1193.78,700.75,32732.92,WIN
238,2020-09-09,2020-09-11,316.38,311.05,-1.69,207,-1103.98,-1103.98,31628.94,LOSS
239,2020-10-07,2020-10-14,318.56,325.26,2.1,199,1331.02,781.31,32410.25,WIN
240,2020-10-16,2020-10-20,324.66,321.01,-1.13,200,-729.78,-729.78,31680.46,LOSS
241,2020-10-21,2020-10-26,320.4,317.28,-0.97,198,-617.47,-617.47,31062.99,LOSS
242,2020-11-04,2020-11-12,321.16,330.2,2.81,193,1748.73,1026.5,32089.49,WIN
243,2020-11-16,2020-11-18,338.95,333.07,-1.73,189,-1113.41,-1113.41,30976.08,LOSS
244,2020-11-23,2020-11-30,334.17,338.47,1.29,185,797.23,467.97,31444.06,WIN
245,2020-12-04,2020-12-08,345.75,346.05,0.09,182,54.4,31.93,31475.99,WIN
246,2020-12-17,2020-12-18,347.99,346.6,-0.4,181,-251.34,-251.34,31224.65,LOSS
247,2021-01-21,2021-01-26,360.74,360.31,-0.12,173,-73.13,-73.13,31151.52,LOSS
248,2021-02-01,2021-02-11,353.22,366.81,3.85,176,2397.86,1407.55,32559.07,WIN
249,2021-02-23,2021-02-24,363.8,367.81,1.1,179,717.55,421.2,32980.27,WIN
250,2021-03-08,2021-03-17,358.37,372.96,4.07,184,2685.28,1576.26,34556.53,WIN
251,2021-03-29,2021-04-07,372.79,382.97,2.73,185,1887.69,1108.08,35664.61,WIN
252,2021-04-15,2021-04-19,391.71,391.09,-0.16,182,-113.21,-113.21,35551.4,LOSS
253,2021-04-26,2021-04-29,393.35,395.66,0.59,181,417.14,244.86,35796.26,WIN
254,2021-05-06,2021-05-10,394.72,393.66,-0.27,181,-193.06,-193.06,35603.2,LOSS
255,2021-05-27,2021-06-09,394.93,397.15,0.56,180,400.78,235.26,35838.46,WIN
256,2021-06-10,2021-06-15,399.0,399.82,0.21,180,147.22,86.42,35924.88,WIN
257,2021-06-23,2021-06-28,399.35,403.95,1.15,180,827.99,470.5,36395.38,WIN
258,2021-07-22,2021-07-29,411.5,416.41,1.19,177,867.56,483.23,36878.61,WIN
259,2021-08-05,2021-08-16,417.46,422.38,1.18,177,869.87,484.52,37363.13,WIN
260,2021-08-20,2021-08-31,418.97,426.72,1.85,178,1382.08,769.82,38132.95,WIN
261,2021-09-14,2021-09-16,419.73,422.57,0.68,182,515.11,286.92,38419.86,WIN
262,2021-09-21,2021-09-27,411.09,419.63,2.08,187,1596.59,889.3,39309.16,WIN
263,2021-09-30,2021-10-11,406.83,412.09,1.29,193,1016.76,566.33,39875.5,WIN
264,2021-10-13,2021-10-25,412.56,431.87,4.68,193,3732.99,2079.28,41954.78,WIN
265,2021-10-27,2021-11-08,430.34,444.55,3.3,195,2770.86,1543.37,43498.14,WIN
266,2021-12-06,2021-12-08,434.94,445.11,2.34,200,2034.63,1133.29,44631.43,WIN
267,2021-12-09,2021-12-13,442.11,442.31,0.05,202,42.11,23.45,44654.89,WIN
268,2021-12-21,2021-12-31,440.53,451.85,2.57,203,2295.13,1278.39,45933.28,WIN
269,2022-01-10,2022-01-12,442.86,448.1,1.18,207,1087.37,605.67,46538.94,WIN
270,2022-01-27,2022-02-02,410.26,435.1,6.05,227,5635.53,3138.99,49677.93,WIN
271,2022-02-08,2022-02-10,429.0,427.46,-0.36,232,-356.95,-356.95,49320.99,LOSS
272,2022-02-15,2022-02-17,424.39,415.79,-2.03,232,-1998.94,-1998.94,47322.05,LOSS
273,2022-02-25,2022-02-28,416.45,415.39,-0.26,227,-242.15,-242.15,47079.9,LOSS
274,2022-03-14,2022-03-24,396.71,429.9,8.37,237,7878.15,4388.13,51468.03,WIN
275,2022-03-28,2022-04-04,435.08,435.92,0.2,237,200.94,111.92,51579.95,WIN
276,2022-04-19,2022-04-20,424.7,424.39,-0.07,243,-76.5,-76.5,51503.45,LOSS
277,2022-05-02,2022-05-04,395.54,409.45,3.52,260,3623.43,2018.25,53521.7,WIN
278,2022-05-12,2022-05-17,374.41,389.66,4.07,286,4359.87,2428.45,55950.15,WIN
279,2022-05-18,2022-05-19,373.95,371.66,-0.61,299,-685.34,-685.34,55264.81,LOSS
280,2022-05-23,2022-06-02,378.78,398.32,5.16,292,5700.25,3175.04,58439.85,WIN
281,2022-06-07,2022-06-09,396.74,383.09,-3.44,295,-4020.24,-4020.24,54419.61,LOSS
282,2022-06-21,2022-06-27,359.48,372.43,3.6,303,3923.27,2185.26,56604.87,WIN
283,2022-07-06,2022-07-12,367.32,365.0,-0.63,308,-714.86,-714.86,55890.01,LOSS
284,2022-07-14,2022-07-21,362.2,382.21,5.53,309,6175.99,3440.03,59330.04,WIN
285,2022-07-26,2022-08-05,374.64,396.28,5.78,317,6854.47,3817.94,63147.98,WIN
286,2022-08-11,2022-08-17,402.53,408.91,1.59,314,2002.73,1115.52,64263.5,WIN
287,2022-09-08,2022-09-12,383.73,393.88,2.64,335,3399.52,1893.53,66157.03,WIN
288,2022-10-03,2022-10-05,352.81,362.9,2.86,375,3782.38,2106.78,68263.82,WIN
289,2022-10-17,2022-10-27,353.01,365.68,3.59,387,4898.07,2728.23,70992.04,WIN
290,2022-10-31,2022-11-01,371.67,370.05,-0.44,382,-621.29,-621.29,70370.76,LOSS
291,2022-11-09,2022-11-16,360.05,380.57,5.7,391,8020.24,4467.27,74838.03,WIN
292,2022-11-22,2022-11-28,384.85,381.01,-1.0,389,-1493.39,-1493.39,73344.64,LOSS
293,2022-11-29,2022-12-01,380.35,392.05,3.07,386,4509.45,2511.76,75856.4,WIN
294,2022-12-12,2022-12-15,383.93,374.96,-2.34,395,-3544.22,-3544.22,72312.18,LOSS
295,2022-12-22,2022-12-27,368.07,368.73,0.18,393,258.3,143.87,72456.06,WIN
296,2023-01-03,2023-01-13,368.17,385.26,4.64,394,6727.71,3747.33,76203.39,WIN
297,2023-01-23,2023-02-02,387.32,402.93,4.03,393,6143.74,3422.06,79625.46,WIN
298,2023-02-28,2023-03-01,383.1,381.63,-0.38,416,-610.86,-610.86,79014.6,LOSS
299,2023-03-15,2023-03-17,376.35,378.47,0.56,420,892.45,497.09,79511.69,WIN
300,2023-03-20,2023-03-22,382.11,380.53,-0.41,416,-658.33,-658.33,78853.36,LOSS
301,2023-03-27,2023-04-06,384.78,397.11,3.2,410,5051.52,2799.92,81653.28,WIN
302,2023-04-10,2023-04-19,397.51,401.91,1.11,411,1806.06,987.92,82641.2,WIN
303,2023-04-27,2023-05-01,400.23,403.24,0.75,413,1242.39,679.59,83320.79,WIN
304,2023-05-08,2023-05-11,400.55,399.96,-0.15,416,-246.29,-246.29,83074.49,LOSS
305,2023-05-16,2023-05-23,398.13,401.86,0.94,417,1555.18,850.68,83925.17,WIN
306,2023-05-26,2023-05-30,407.62,407.77,0.04,412,63.91,34.96,83960.14,WIN
307,2023-05-31,2023-06-05,405.51,414.49,2.21,414,3717.27,2033.35,85993.48,WIN
308,2023-06-08,2023-06-21,416.46,423.66,1.73,413,2976.07,1627.91,87621.39,WIN
309,2023-06-28,2023-07-05,425.08,431.64,1.54,412,2706.59,1480.51,89101.9,WIN
310,2023-07-17,2023-07-21,439.15,440.46,0.3,406,529.65,289.72,89391.62,WIN
311,2023-08-22,2023-08-23,426.79,431.54,1.11,419,1991.25,1089.22,90480.84,WIN
312,2023-08-24,2023-08-25,425.56,428.56,0.7,425,1275.76,697.84,91178.68,WIN
313,2023-08-28,2023-09-06,431.28,434.65,0.78,423,1425.04,779.5,91958.18,WIN
314,2023-09-13,2023-09-18,434.93,433.65,-0.29,423,-541.73,-541.73,91416.45,LOSS
315,2023-09-28,2023-10-02,418.88,417.7,-0.28,436,-516.24,-516.24,90900.21,LOSS
316,2023-10-05,2023-10-12,414.95,423.91,2.16,438,3922.95,2145.85,93046.06,WIN
317,2023-10-16,2023-10-17,426.23,426.21,-0.0,437,-8.54,-8.54,93037.52,LOSS
318,2023-10-23,2023-10-24,411.0,414.1,0.75,453,1402.87,767.37,93804.89,WIN
319,2023-10-30,2023-11-09,406.24,424.08,4.39,462,8238.61,4506.52,98311.41,WIN
320,2023-11-13,2023-11-24,430.29,445.06,3.43,457,6749.28,3691.86,102003.27,WIN
321,2023-12-06,2023-12-18,444.53,463.23,4.21,459,8578.86,4692.64,106695.91,WIN
322,2024-01-19,2024-01-22,473.49,474.49,0.21,451,451.19,246.8,106942.71,WIN
323,2024-02-15,2024-02-20,492.71,487.56,-1.05,434,-2236.81,-2236.81,104705.9,LOSS
324,2024-02-26,2024-03-04,496.62,502.81,1.25,422,2611.5,1428.49,106134.39,WIN
325,2024-04-01,2024-04-03,514.08,511.37,-0.53,413,-1117.93,-1117.93,105016.46,LOSS
326,2024-04-08,2024-04-09,510.69,511.28,0.12,411,242.98,132.91,105149.37,WIN
327,2024-04-22,2024-05-02,491.99,497.21,1.06,427,2234.62,1222.34,106371.71,WIN
328,2024-05-09,2024-05-20,512.12,521.86,1.9,415,4044.9,2212.56,108584.27,WIN
329,2024-06-04,2024-06-05,520.21,526.39,1.19,417,2581.11,1411.87,109996.13,WIN
330,2024-06-11,2024-06-13,528.64,534.05,1.02,416,2253.38,1232.6,111228.74,WIN
331,2024-06-25,2024-07-05,538.13,547.82,1.8,413,4005.49,2188.41,113417.14,WIN
332,2024-07-08,2024-07-10,548.45,554.41,1.09,414,2467.34,1324.96,114742.11,WIN
333,2024-07-11,2024-07-16,549.63,557.91,1.51,418,3455.79,1855.76,116597.87,WIN
334,2024-07-22,2024-07-23,547.83,546.97,-0.16,426,-365.79,-365.79,116232.08,LOSS
335,2024-07-26,2024-07-29,537.74,538.06,0.06,432,136.68,73.39,116305.47,WIN
336,2024-07-30,2024-08-01,535.33,536.33,0.19,435,433.43,232.75,116538.22,WIN
337,2024-08-08,2024-08-20,524.12,551.83,5.29,445,12320.39,6616.05,123154.27,WIN
338,2024-08-22,2024-09-03,549.38,545.29,-0.74,448,-1833.29,-1833.29,121320.98,LOSS
339,2024-09-10,2024-09-20,542.04,562.98,3.86,448,9374.74,5034.23,126355.22,WIN
340,2024-09-23,2024-09-27,564.39,566.17,0.32,448,798.47,428.78,126784.0,WIN
341,2024-10-01,2024-10-09,563.35,571.79,1.5,450,3799.39,2040.27,128824.27,WIN
342,2024-10-17,2024-10-21,576.95,578.22,0.22,447,566.33,304.12,129128.39,WIN
343,2024-11-06,2024-11-13,585.56,591.65,1.04,441,2687.28,1443.07,130571.46,WIN
344,2024-11-20,2024-11-29,585.02,596.96,2.04,446,5329.01,2861.68,133433.14,WIN
345,2024-12-16,2024-12-17,601.16,598.69,-0.41,444,-1099.47,-1099.47,132333.67,LOSS
346,2024-12-23,2024-12-30,591.16,584.73,-1.09,448,-2879.51,-2879.51,129454.17,LOSS
347,2025-01-06,2025-01-10,591.82,577.04,-2.5,437,-6466.61,-6466.61,122987.56,LOSS
348,2025-01-16,2025-01-27,588.13,595.81,1.31,418,3213.78,1725.8,124713.36,WIN
349,2025-02-10,2025-02-13,601.26,606.11,0.81,415,2012.4,1080.66,125794.01,WIN
350,2025-02-18,2025-02-20,607.86,606.76,-0.18,414,-456.69,-456.69,125337.33,LOSS
351,2025-03-06,2025-03-10,569.31,557.25,-2.12,440,-5309.29,-5309.29,120028.03,LOSS
352,2025-03-13,2025-03-25,548.15,573.76,4.67,438,11219.25,6024.73,126052.77,WIN
353,2025-04-08,2025-04-09,495.02,547.0,10.5,509,26475.96,14217.59,140270.36,WIN
354,2025-04-14,2025-04-15,537.53,536.03,-0.28,522,-785.76,-785.76,139484.6,LOSS
355,2025-04-16,2025-04-17,524.11,524.86,0.14,532,398.03,213.74,139698.35,WIN
356,2025-04-22,2025-04-23,525.7,533.84,1.55,531,4329.37,2324.87,142023.22,WIN
357,2025-04-24,2025-04-25,545.08,549.02,0.72,521,2052.32,1102.1,143125.31,WIN
358,2025-04-30,2025-05-01,552.91,556.82,0.71,518,2028.63,1089.38,144214.69,WIN
359,2025-05-05,2025-05-15,561.85,588.72,4.78,513,13794.23,7407.5,151622.19,WIN
360,2025-06-05,2025-06-12,591.3,601.97,1.8,513,5471.23,2938.05,154560.24,WIN
361,2025-06-23,2025-07-01,600.15,617.65,2.92,515,9013.76,4840.39,159400.63,WIN
362,2025-07-02,2025-07-07,620.45,620.68,0.04,514,118.17,63.46,159464.09,WIN
363,2025-07-22,2025-07-24,628.86,634.42,0.88,507,2819.77,1514.22,160978.3,WIN
364,2025-08-07,2025-08-08,632.25,637.18,0.78,509,2510.47,1348.12,162326.42,WIN
