,price_returns
0,
1,-0.0005511876290456019
2,0.005197624853263472
3,-0.001958618312906446
4,-0.0019623841854720103
5,-0.0012585201250907563
6,0.003544165246939013
7,0.009024519837742107
8,-0.0016336553831617362
9,0.0072451744412938
10,0.0017014800560399834
11,-0.009805747031219059
12,-0.0013254111755311992
13,0.0022639006215681157
14,0.005686942834869146
15,0.0005416672043396797
16,0.003871299779611981
17,0.0024678538916704795
18,-0.017462829401437174
19,0.007516519152558576
20,0.01600852604396641
21,-0.00191187374700863
22,0.002222164637003088
23,0.0028289834395662794
24,0.006252857579125859
25,0.004546345295920906
26,-0.002263146592074161
27,0.0003782216027734542
28,0.005970119724641787
29,0.0024037784623178737
30,-0.0031471381272362153
31,0.00631534058927774
32,0.0029881286820050423
33,0.0020856209597373
34,-0.0200697298153929
35,-0.0061443298069536745
36,-0.0006869912749004614
37,0.010692834057718592
38,0.006196424328200445
39,-0.01667281947033561
40,0.0021385819589174737
41,0.017224429607176406
42,-0.007492260075720569
43,-0.007851013027781573
44,0.008749563906289115
45,-0.001432834811730399
46,-0.018506023814827577
47,0.006926250466373407
48,-0.006037274079692567
49,-0.011457679495461282
50,-0.018512710683224798
51,0.013235076382778654
52,0.0036372430419062685
53,0.015497798978693966
54,-0.0034686808860767693
55,0.002861962195554346
56,0.009563338259848564
57,0.0030559073785889623
58,-0.0024372026108619993
59,0.006718663123984614
60,0.006901451289022198
61,-0.0013558079773742238
62,0.004223589071493894
63,0.0008261270598397541
64,-0.00015033014841858705
65,0.0031525170451038864
66,-0.0025435321242353037
67,-0.00345070417841431
68,-0.0030108990144945835
69,-0.007474099820139246
70,-7.577545172754441e-05
71,0.0007605908349517243
72,0.003648541634020619
73,-0.011208599882512993
74,0.005744396621316872
75,0.013631986150411057
76,0.005108764687791201
77,-0.0010464497022205643
78,0.008605110508003166
79,0.006528898977498976
80,0.0032430561534193547
81,0.0023511466373569156
82,-0.0015392213041138803
83,-0.0035971496780003998
84,-0.006630766804528232
85,-0.009048713771716344
86,0.004416140368249444
87,0.003874879103153983
88,0.00853575792860517
89,-0.010524657439778817
90,0.00476077867464908
91,-0.007699051880688201
92,-0.006341650042921421
93,-0.00015048331088196587
94,0.00893642109283932
95,0.002381401859193888
96,-0.007944781448682714
97,-0.01160067260771458
98,-0.0008330205705689986
99,0.0033344113314612844
100,0.0046077811354301446
101,0.003834417482485142
102,0.010411042459786968
103,-0.02246078440126653
104,-0.0010618309508523271
105,-0.009944616220380231
106,-0.010581474644553834
107,-0.0006194557145019486
108,-0.004187286518594235
109,0.007631114613566137
110,-0.01391034003799474
111,0.0007833671742691894
112,0.012686506176326384
113,-0.01778582011506269
114,0.0022046725564166536
115,0.0029839501285626735
116,0.005116308382794754
117,0.01370408621422392
118,-0.00602569521283014
119,-0.002875309295990891
120,-0.011613657715995762
121,0.008910963808395289
122,0.013053072116261388
123,0.008564201226513246
124,0.009562552295736326
125,0.01477580019671576
126,-0.0008214334788173572
127,0.0011959013945233021
128,0.010375296821534485
129,-0.007092226893485765
130,-0.018080023216535457
131,-0.004319500390543185
132,0.00334852387556972
133,-0.006902204915519294
134,0.0058045825556971575
135,-0.008200943176355113
136,0.01623143486807943
137,-0.0006029641171213518
138,0.013871431312866278
139,0.00066892793578055
140,-0.005572838816708003
141,-0.0037361196727002666
142,-0.020475213532627046
143,-0.0029098500164558283
144,-0.006834613356848429
145,-0.004252705609413043
146,-0.025547241722589153
147,0.005419007574021473
148,-0.04684174543030717
149,-0.0014968137359824274
150,-0.06512325866081681
151,0.04649938777673124
152,-0.04417820239281667
153,0.0448841880838049
154,0.006733047305751194
155,0.021164953691916732
156,-0.008539248418423906
157,0.0006686399170718893
158,-0.043118448090859185
159,-0.01633019747668918
160,0.0007991231799275855
161,0.03291010079283763
162,0.014084725704333279
163,-0.01524406478663054
164,0.01453408080951979
165,0.02873576524162247
166,0.0026370099250951906
167,0.004437796366808966
168,-0.010472691517571686
169,-0.025549798121541678
170,-0.00729781756573189
171,0.028207749407175742
172,-0.010391204633885764
173,-0.026210306893256985
174,0.006470001142477866
175,0.009171592525802685
176,0.013844096003311046
177,0.017257088019173583
178,0.005918806643012031
179,-0.009957202296163925
180,-0.00116377191435324
181,-0.02945801098807077
182,-0.032324785998165684
183,0.006024999460893854
184,0.02378056858806965
185,0.01118332624915852
186,-0.020418179225251243
187,0.00790345667572323
188,-0.024989080510787853
189,-0.028458271383460576
190,0.021923133176819043
191,0.018515120517898165
192,0.018091411484941533
193,-0.0066960998821893325
194,0.03344594637400511
195,0.0010036434898774704
196,0.008771585299325091
197,-0.0019878379093754006
198,0.017094435101051353
199,-0.019091196527046495
200,0.019546009751299165
201,-0.011829180553718288
202,0.004375532810646066
203,0.018987355500994507
204,0.012261136867527389
205,-0.01944375168138912
206,0.010158191234149516
207,0.03483537270238757
208,-0.00023365648848872045
209,-0.02410560853429322
210,-0.02788816540922634
211,0.016311223368591143
212,0.018227337166756508
213,-0.006099014457172647
214,0.0062163593084656465
215,0.01283005932790604
216,-0.03690932559560811
217,0.009418764692143533
218,0.018822458327371283
219,-0.009474341354401172
220,0.0049417210046669435
221,-0.015863006829905713
222,-0.015876709417430246
223,-0.0010644130800022689
224,-0.019019674082602078
225,-0.0039278398792022
226,-0.022065485152347075
227,-0.0018875610648225738
228,0.0289668125466902
229,0.002840528222309402
230,0.04114931864100768
231,-0.00016007283118324445
232,-0.0008800331490623758
233,0.010891978867489716
234,0.00031718078321207877
235,0.00372228634959626
236,-0.021936532075433557
237,0.016942444531307554
238,-0.01459735325706546
239,-0.009338906460323093
240,-0.010646298494786821
241,0.003614733029770667
242,0.0014822680613271189
243,-0.010692096240847992
244,0.030260765485143226
245,0.0019361443071321816
246,0.008858938968842267
247,0.008940708686612231
248,0.0007910444607099887
249,-0.013123078037042157
250,0.010333426933355927
251,-0.004915531106848503
252,0.015936023734628657
253,0.0015687726338529107
254,0.0026626754042842204
255,-0.0025775496938761355
256,0.002427393606078798
257,0.008670585792384111
258,0.0005420717475244086
259,0.0023990236418054423
260,-0.005173158043461745
261,0.0038809154051355765
262,0.011056319450707397
263,0.005276235512912342
264,0.0037275441746824622
265,-0.002576618043260148
266,-0.0011400205436897792
267,0.008367525083698535
268,-0.005129523584415208
269,-0.000454986294071813
270,-0.0034138768264929675
271,-0.0003806765366553
272,0.008757563363624987
273,0.0015850660805902805
274,0.014018580759337818
275,-0.0006686252820199412
276,0.0025285629075286753
277,0.002967709282374331
278,0.0012575408266117805
279,-0.007387742350539184
280,0.007442727302233498
281,-0.0012559614038698541
282,-0.004660243418637355
283,0.011073118266065274
284,0.0026459593080241373
285,0.000440090515817948
286,-0.0032241078031421955
287,0.004410341862540745
288,0.002196554366817649
289,0.0016789863975219532
290,0.0029167136971113283
291,-0.003925723817022719
292,0.005181445211947855
293,-0.003049064065392848
294,-0.004078654037094398
295,-0.014625089977908123
296,0.00697581924539592
297,0.009948958921766948
298,0.003867764180986999
299,7.278875904348503e-05
300,0.018025307748381847
301,-0.001070340844789186
302,0.005789296299497204
303,0.00138446769291245
304,0.003920348260969764
305,-0.0029109118447315785
306,-0.0016378000900632017
307,-0.007203355404661438
308,0.003232878843980158
309,0.014035089420056046
310,-0.00310704613874746
311,-0.004958820119745466
312,-0.0017082876631133725
313,0.004136006752990529
314,0.007314816118362266
315,-0.004089537172928259
316,-0.009910710166132985
317,-0.0005005130621879017
318,-0.011230969734198903
319,-0.016784894686182605
320,0.00809412501378648
321,0.013065839453133332
322,-0.01188837270356391
323,-0.0006563303335671566
324,0.014812198912335983
325,-0.0033795232568019085
326,-0.006420933987521638
327,0.0016702875656893212
328,-0.008409292617432618
329,0.003802008004845092
330,0.013691431332095938
331,0.006968727533848362
332,0.001640865166391281
333,-0.0037037557465006143
334,0.006220118022468579
335,-0.0029845067019994564
336,-0.0076253932694068105
337,-0.016157899711230717
338,0.0007299150542914301
339,-0.004011639934508593
340,-0.005931576297687702
341,0.002062390629180788
342,-0.003014135161393483
343,-0.011061234295381195
344,-0.005741483134997227
345,-0.003824666130390564
346,-0.014830981369053364
347,-0.00855868228511647
348,0.017188062850623353
349,0.001742696308697722
350,0.0005295140247703056
351,0.001965527060632244
352,-0.0032444737926983214
353,0.012111985022126293
354,-0.014509687518036496
355,-0.0022009420698455573
356,-0.025177153684222908
357,-0.00046811184251283056
358,0.007572182734571831
359,0.02246850835087244
360,0.0006060564760224096
361,0.007951879365361236
362,-0.01269774175589089
363,0.01149107593841281
364,-0.006394827566639338
365,0.010600410731502752
366,0.010227308952961645
367,0.0019381044429165328
368,0.009672779408391063
369,-0.0016211910110813799
370,-0.022438702046061687
371,0.00770149310541135
372,-0.016034644970934542
373,0.00502586372990077
374,0.00901625811511697
375,-0.0028531306309056426
376,0.024926332267734663
377,0.003012174020730729
378,0.006593083192933946
379,-0.004511802700556622
380,-0.009503422959533991
381,-0.0012545572578753772
382,-0.008720417705327943
383,0.0001489580716376171
384,-0.004844467766817906
385,0.016777298291206666
386,-0.002357189047454522
387,0.006867357413504749
388,0.007406650167779194
389,0.0026200913729992337
390,-0.009147717565363922
391,-0.010112422202579574
392,-0.008586646502783846
393,0.00022389518286325405
394,0.016497460288506627
395,0.01843282159624615
396,0.0
397,-0.006994443874839162
398,-0.0008713472818756562
399,-0.006904350894037514
400,0.019832865299659996
401,0.001937233657123727
402,0.005014073789223916
403,0.0012113737913943545
404,0.0008538312639332357
405,0.0016362141992194434
406,-0.0004969954860569725
407,0.0001418740606653479
408,0.0011364714120589703
409,0.0073782690041173105
410,0.0013382561719883501
411,7.003057934307222e-05
412,-0.0030235530513501585
413,0.00042339628562215736
414,-0.008179845627171556
415,0.006042982487757476
416,0.00021210619205280778
417,-0.0009892111819062022
418,0.0007779194960138014
419,-0.0072078714783319064
420,0.0047690334731436135
421,-0.0009212012103945177
422,-0.0008504939659130795
423,0.020296577213685385
424,0.0038952695556910832
425,-0.005681491726516774
426,0.002787529180469317
427,0.0033346268607827856
428,0.015236880219292814
429,0.0044344712064865455
430,-0.0033959613436941316
431,-0.000817792232389869
432,0.000545444202396661
433,6.820073732871634e-05
434,-0.00041802889441944213
435,-0.0015081573996769126
436,-0.010641703771101851
437,-0.005621562724577922
438,0.009421504315303864
439,-0.0046321500828270246
440,0.002639511004531636
441,0.001039448461221948
442,0.004082883312672925
443,0.007167798303379325
444,6.84961243702098e-05
445,-0.0034216905558367428
446,-0.009887102442770468
447,-0.006380344924975634
448,0.0005584013625501427
449,-0.0032781179834118213
450,0.008327891569117174
451,0.01013362418048147
452,0.00453446693910986
453,-0.002598661325828422
454,-0.016664842345871844
455,0.00013927632369226117
456,-0.013876048789168705
457,-0.0028283213220404724
458,0.0029072536943239857
459,-0.0005655701412524694
460,0.0
461,0.01047049176121706
462,-0.008891751290911576
463,0.0020487567329183776
464,0.007825120230010585
465,-0.022663691232207572
466,-0.012024453809201363
467,0.0008694320595550309
468,0.0007962293525629605
469,-0.0034713198967414316
470,-0.01349890703688239
471,-0.0016921492216972478
472,0.004937601258023561
473,0.020239007872783654
474,0.00043131016015007795
475,0.0018679757552957366
476,0.013624913649431747
477,-0.002122138993164935
478,-0.005105131793811002
479,0.008052672995645382
480,0.004665522237129016
481,0.00021088237914113073
482,-0.004923994344535387
483,-0.00141375916858133
484,0.0017696670184728092
485,0.003392350801114219
486,0.0030281209717109014
487,0.0004219811031755949
488,0.0068081574303540116
489,0.0004878642353820517
490,-0.006131769532842224
491,-0.003716023556911141
492,0.011752353164273366
493,0.011128629384160815
494,-0.007429411897907245
495,0.005752505131759733
496,-0.009077050979506729
497,-0.0030813700351702833
498,-0.004215219847244156
499,-0.0013401683505632755
500,-0.01080822607599985
501,0.01699624177034842
502,0.025630755705865038
503,-0.0022597101474165493
504,0.0043917555201107294
505,-0.0027330318457511327
506,-0.002876958767453197
507,0.002542138420125628
508,0.007949328088088237
509,-6.763904086681816e-05
510,-0.0006804418013256486
511,0.0006809051176304148
512,-0.00013645015993157816
513,0.006460556160683417
514,0.0022295766751148083
515,0.005393644993629154
516,0.0016094320106725402
517,0.0002678712625088231
518,0.005621691418249419
519,-0.0011975073179422147
520,0.0039312618641449415
521,-0.003915867563328179
522,-0.0024660136428525936
523,0.010287424984749327
524,-0.011240782756041123
525,0.010097774696229633
526,0.0007283116398830725
527,-0.001322993529482397
528,0.00556466400278155
529,-0.00019792211820979233
530,0.0016472358448436086
531,0.0008553590101461062
532,0.0009198882270231579
533,-0.001181590817558198
534,0.007494093645999289
535,-0.012462909778091391
536,-0.006079333643403739
537,0.009772822355292421
538,-0.019026802498522066
539,0.00684547924540424
540,0.012598358668420184
541,-0.0019749736591992972
542,0.003298261842895167
543,0.005325072943573428
544,0.008958823660261794
545,0.0013606941135000383
546,0.001812839023252577
547,0.004264068232949558
548,0.003795448493765008
549,-0.0022438125252798313
550,0.0014139135045767581
551,0.005323548201618733
552,-0.0013202929597794233
553,-0.005518651498939486
554,-0.002322651800555686
555,0.006985094976550199
556,-0.008543130825800938
557,0.008033756337540554
558,-0.004177219907252505
559,0.008002672034341352
560,0.0
561,0.00307217326899778
562,-0.003956746829669511
563,0.004934922707245937
564,-0.01013999818430944
565,0.004058717519123123
566,-0.0044907754625014284
567,0.006766946539214169
568,0.0034569270283488773
569,0.01224883837389612
570,0.0032770586873533958
571,-0.002449691708699242
572,-0.02317427945502648
573,0.014763395682238833
574,-0.01461182966739516
575,-0.006253606999892747
576,0.008693540485112727
577,0.0044379267942249445
578,0.010309107247291616
579,0.0006334840760833238
580,0.004053924341844706
581,-0.0017657856854157439
582,0.006698122044930699
583,0.0023856481535367013
584,-0.008767513730119858
585,0.009287088978837454
586,0.010140910657969515
587,0.0025411092480009945
588,0.005068401196582473
589,0.004550542448768624
590,-0.002815901696062162
591,0.0032539767535919584
592,0.0007960939066629091
593,0.010333815823327264
594,0.005386005454478315
595,-0.004695337758638174
596,0.009676874903094435
597,-5.9951814154413086e-05
598,0.0014377964335938742
599,-0.007417798506322515
600,-0.00289212526682181
601,-0.0008463119848343137
602,0.005988485855557002
603,-0.006494480158308447
604,0.0036922696396590737
605,-0.014352286869127595
606,0.0055065899550714725
607,-0.004807261728003387
608,-0.014000535332277297
609,0.009053078215526922
610,0.01272038851183055
611,0.0
612,-0.010315542757927565
613,-0.008277086535138811
614,0.015208378755454222
615,-0.0062725136543712035
616,0.0077218434337431585
617,0.007905436205519534
618,-0.013816838987138036
619,-0.024778092168507015
620,0.003210361272465212
621,-0.012635780124340634
622,0.009613602210637229
623,0.009901376705096387
624,0.005869465043577327
625,-0.004097292380115691
626,0.00585957434527784
627,-0.0009290939001824761
628,0.00043392588284429934
629,0.010788597401821587
630,0.0057048185837442755
631,0.007197786575021459
632,0.00036287914973232027
633,0.013620804663766473
634,0.0004178931553528997
635,0.0038209229828254365
636,-0.003746724302380211
637,0.002566827040929809
638,0.005477857175673506
639,0.0017763299767803442
640,0.0019509543623303927
641,-0.002124028379150933
642,-0.0036654890473166724
643,0.0024324359940222084
644,0.0010659323972928014
645,-0.0030747582810867202
646,0.0
647,0.0007116450129369678
648,0.0115581550456898
649,0.0016994728557429006
650,-0.001462649324044829
651,-0.005681994207203722
652,-0.003241045765606465
653,0.0036647346271145853
654,-0.0028851499510995637
655,-0.0011815867654279
656,0.002956571112006534
657,-0.005129315290168579
658,-0.013986368858566744
659,-0.0033051741245360144
660,-0.006392013858310008
661,0.004915397707472735
662,-0.006160026805556051
663,0.009115644033454329
664,0.0033722868198164946
665,-0.003721377516224811
666,-0.016084244705087403
667,0.0035513694336797297
668,0.0015860941770686754
669,-0.0031676234765011246
670,0.0045219280909818416
671,0.00827263081589047
672,0.0012672573115954933
673,0.00048172167872295724
674,0.009576182489143159
675,0.007397465281929527
676,0.003138416994548754
677,-0.00265643657325787
678,0.0022494651755633477
679,0.005787202336131392
680,0.004462562554498728
681,0.011574393669980587
682,-0.0016758920481912964
683,-0.006991519215294062
684,-0.004627825115273265
685,-0.0023538221036426554
686,-0.002890420218977674
687,0.0038454179221869556
688,-0.004596427465767716
689,-0.005328384301845346
690,0.007916339355195534
691,-0.0009448309628505847
692,-0.009221118428000663
693,0.007576545624804698
694,-0.00864468147937203
695,-0.011646960690472996
696,0.0007253511060387741
697,0.021558153974212013
698,0.006443220503169034
699,0.003993972027125814
700,-0.0072537658896280055
701,0.013965596930687552
702,0.006683359464582317
703,0.006754244432289447
704,5.734863102691001e-05
705,0.005791235247669002
706,-0.004788845871275371
707,0.0033223621428377648
708,0.004567663100923269
709,0.0015916312533237331
710,0.0053338479786373405
711,-0.004966856439497791
712,-0.002836526514989335
713,0.002389673117647595
714,0.00351803887719937
715,-0.0031667854829046105
716,0.00510590318525006
717,-0.01264325325819804
718,0.013490997026541773
719,0.00016954858771311976
720,-0.0020306470757350814
721,0.008024708605169906
722,0.004989440407201728
723,0.004351007000913176
724,-0.003499074496407961
725,-0.0021741022955422684
726,-0.003127557086782584
727,0.008068570677805864
728,0.00500238960030952
729,-0.0009956223483864601
730,0.00027652633568586715
731,0.0024357028554464755
732,-0.0006624053233977856
733,-0.0025969510813386165
734,-0.00432053656941489
735,-0.00011117287381878782
736,-0.004395620197907624
737,0.011176927106473888
738,0.002542126219464924
739,-0.003583093703294904
740,-0.01123089186378412
741,-0.003301382453902546
742,-0.0001126045021824229
743,0.006232640813014001
744,-0.003180565652879608
745,0.01707245811925895
746,-0.0011557668156702006
747,0.005816581912458929
748,0.0053432170537266455
749,0.0021906278966552506
750,0.005084373141321041
751,-5.4303699925872806e-05
752,-0.00016352785718320995
753,0.004732949989988189
754,-0.009583790974657558
755,-0.0001633410037752414
756,-0.0028979431661737554
757,0.006141335602340758
758,0.00021817230088938544
759,0.0006537651329727723
760,0.002722799569066625
761,-0.0133048119427287
762,0.01089736005680586
763,0.00539024812240374
764,-0.0012997607370980324
765,-0.004229593763048656
766,0.0029404774692722846
767,0.0006518270575890384
768,-0.008193521006642723
769,-0.021336150013706368
770,-0.004918780969509484
771,0.005954672495105617
772,-0.009605164363495233
773,0.010600331123149953
774,-0.005858330421559144
775,-0.022505181649944417
776,0.007004439364108661
777,-0.0012537562239093303
778,0.013186336181123082
779,0.012396115661954532
780,0.0018363027294281409
781,0.010944018901198227
782,0.0004948059703449026
783,0.0051627120863650955
784,0.0055189010809604255
785,0.0011956670935653335
786,-0.006621900559064087
787,0.00590118184445898
788,-0.0011407119949093936
789,0.005546581264415096
790,-0.00037837031392751186
791,5.411655133058524e-05
792,0.005247409096167388
793,0.0025292620411108135
794,-0.00703198962330065
795,0.014055325479717107
796,0.0009065434082755619
797,0.002290051797515069
798,0.0004249514715912728
799,-0.000530543189352195
800,-0.004943046219674896
801,0.0002669298490847183
802,-0.011213333422186778
803,-0.002807587840351289
804,0.009043550609414863
805,0.00713744805941019
806,-0.005328152683069964
807,0.005839393186107156
808,-0.0038786623763995554
809,-0.0041354943360431
810,0.004745748743853362
811,-0.00719215566981124
812,-0.002108317255425707
813,0.004929767021411013
814,0.008194469273139715
815,0.006630914371010599
816,0.003346766570518911
817,-0.0013238530673320703
818,-0.011822028157592701
819,-0.011051804319159086
820,0.004123399360775437
821,0.010750594914678002
822,-0.0210061455314422
823,-0.009008396928787632
824,0.007878404387090532
825,0.00688731331928083
826,0.010477927184698643
827,0.0013972172032579167
828,0.003487124543587905
829,0.00454436927343238
830,-0.0023414612961046855
831,0.002026899078887201
832,-0.008199114439163768
833,0.0031673456775129782
834,0.004655436933477031
835,0.00298269452411426
836,0.00010616581090583388
837,-0.001433972564861108
838,0.0019144132150425985
839,-0.008703961089216117
840,0.005889334836993276
841,-0.0010644829499127928
842,0.001491804905080718
843,0.009736110901442663
844,0.0008959588435457633
845,-0.004737819316369296
846,-0.008780435552215193
847,0.003468628653663375
848,0.003669461300832344
849,-0.006305027868405921
850,0.008424248950528623
851,0.002431815282448957
852,0.0040093151257911686
853,0.006145794057441867
854,-0.0007307052089617905
855,0.005173427612131798
856,0.0016112253034388235
857,0.0011417225977914391
858,-0.0005184865998181243
859,0.0020227908087633306
860,0.006521992477341421
861,0.004782831705706814
862,0.00102371584647587
863,0.00010231430404217257
864,-0.003476528996737893
865,-0.007079690137728134
866,0.0030487918813615345
867,0.0008236723942882662
868,0.0027793007811098835
869,0.007339493729613622
870,0.0011214637464260768
871,0.0020301164777913883
872,-0.00030633081806719087
873,-0.006024184935778054
874,0.004520139705135762
875,-0.0007160874596835454
876,0.0019443977235369392
877,-0.0005106757433357423
878,0.006693383492766047
879,0.001015079019442755
880,0.004917991212130879
881,-0.0034811452709058166
882,-0.006430123881440264
883,0.004484008009985496
884,-0.003956777139569767
885,0.0013753042731445841
886,0.005035261947775371
887,-0.0018724232113599415
888,0.0037009631506736973
889,-0.011365807290440455
890,0.010219161349560357
891,-0.001871755177036749
892,0.004358378240713057
893,0.002220159017807033
894,4.998949570178546e-05
895,-0.004681495956581516
896,0.0004046707310481068
897,-0.004297665672459594
898,0.0001531297270251919
899,-0.019748648958872628
900,-0.003055662534491743
901,0.007221182339408383
902,-0.009696515190804167
903,0.0003122162189597155
904,-0.005414318929071293
905,0.011568749304344594
906,0.0028981761443129805
907,-0.0013933292196947056
908,0.00676903057880196
909,0.004721695710564244
910,-0.00020431405304488504
911,0.008379059555901902
912,0.0052189741497774556
913,0.002671575906024737
914,0.0029157234917274177
915,-0.0015538190364712268
916,0.005070673737175513
917,0.0006493171245292029
918,-0.0003993984423736885
919,-0.0005493346782815545
920,0.0028481505281305886
921,-0.0004981418765447332
922,-0.0005484407712028627
923,-0.0014464651404018092
924,0.004495211306091207
925,-0.002585424742581832
926,-0.006331391561819055
927,0.0037630906717984747
928,0.001149289558605604
929,-0.005841212996666623
930,-0.0007534659992095571
931,0.0075385789707680395
932,0.0013469957051910342
933,0.005329983751327649
934,-0.000901454316422412
935,-0.007722777823749083
936,-0.005724458312004743
937,0.007827970940054163
938,-0.016135574359244398
939,0.007945547683438248
940,-0.001819112489215402
941,-0.0026322715525138873
942,-0.013552104521414976
943,0.00015436171572336121
944,0.011009310270293504
945,-0.0011702163759806927
946,-0.015436164538488839
947,0.01748896524707555
948,-0.019833145516624295
949,-0.011414576305758706
950,-0.016426597298116796
951,0.001547354235015952
952,-0.006765932578119971
953,-0.0008587949023353136
954,0.011811157972018815
955,0.009709637856855524
956,0.019810991705147663
957,-0.007110788752577535
958,0.01162480729242632
959,0.00769521551947161
960,-0.0013744508883520856
961,0.011470114840693268
962,-0.0015122156412837873
963,0.00641096319774781
964,0.011435246173608471
965,0.0005451421223046093
966,-0.003469108174879998
967,0.0063160374156325805
968,0.00400364446409629
969,0.00093524533821987
970,0.0031470664738173504
971,0.0009806150207021247
972,-0.0010772778853286313
973,0.0011273491055923124
974,0.0002451715377527197
975,0.0006364802104665834
976,0.005773759248532073
977,-0.001605727493940723
978,0.0017545851068667684
979,0.005350690220808474
980,0.002806081452005227
981,-0.0007236448655207894
982,0.0025589844178615095
983,-0.0021188303928825203
984,-0.00695002905524611
985,0.006463765414109535
986,0.00386328774844813
987,-0.0011063909808987082
988,0.0016371844885572084
989,-0.006682354038461957
990,-0.0006779058187509346
991,-0.016031372099595154
992,0.005069718119006472
993,-0.01616116794142375
994,-0.006869475843757744
995,-0.008019762202733816
996,0.019604878161530337
997,0.024728813079426537
998,0.004254751679845015
999,0.004600239871735745
1000,0.0013493854101169767
1001,9.647464752671198e-05
1002,0.003224598046422944
1003,0.0013432813580596115
1004,-0.005365829959939394
1005,-0.009922856064638386
1006,-0.0005351155822991283
1007,-0.01805985937601995
1008,-0.009419044214367012
1009,0.012461655933360571
1010,0.017744411692458772
1011,-0.008013501093117159
1012,-0.007833408487134763
1013,-0.0028129979782225423
1014,-0.006037236572155158
1015,-0.00916038741652192
1016,0.013114518423779087
1017,0.0021321325974439365
1018,0.00504827147947684
1019,0.014870997169656786
1020,-0.00548324085118157
1021,0.0023424280582931
1022,-0.013190597048638564
1023,-0.012824318542205337
1024,0.009243181586849891
1025,-0.012574625090384095
1026,0.01238391737777178
1027,0.014461125134005659
1028,-0.0038076672271878387
1029,0.010094996830036784
1030,-0.0027652872377078586
1031,-0.004475997942127163
1032,0.01065357034918013
1033,0.0005800652613172641
1034,0.00961673786873396
1035,0.004116607568355857
1036,0.0015730744556641252
1037,9.513013698381201e-05
1038,-0.0007138429006541269
1039,0.006000737845560655
1040,-0.000142104843448565
1041,0.00284094374140742
1042,-0.0008499031966038295
1043,-0.0011815355161668428
1044,-0.0034061837862955358
1045,0.006313541086845564
1046,-0.004103961980650772
1047,-0.004215722010544765
1048,0.001094154468886721
1049,-0.014064354513754096
1050,0.004144514017649703
1051,-0.01622201964670722
1052,-0.0023416890894331077
1053,0.012713951065757234
1054,-0.006132001774635243
1055,0.01336028338564077
1056,-0.002972506049030099
1057,0.012021586388338834
1058,-0.004561604668105179
1059,0.008827167072219755
1060,-0.001948587915625577
1061,-0.0056192451263598064
1062,-0.014653784822141525
1063,-0.002381319661975967
1064,0.002289531750084617
1065,0.012200035098219653
1066,-0.00873971786979788
1067,-0.00353589098082141
1068,0.0035970720457834116
1069,0.006733277536941973
1070,-0.0026465035634896106
1071,0.0033769518190067682
1072,0.004423634474736149
1073,0.00545701796210718
1074,-0.00452261728646941
1075,0.001912783076758684
1076,0.004487604712223758
1077,-0.0002854187907043171
1078,-0.011503361285902902
1079,0.009136751605209659
1080,-0.0011911163625861754
1081,0.0049136820992952135
1082,0.002516330804711142
1083,0.0023204220484025484
1084,-0.0041579462691451186
1085,0.0031792465962254823
1086,-0.004114846835014063
1087,-0.010020681270881404
1088,0.010841529783820247
1089,0.0028474990252400634
1090,-0.0114519063744013
1091,-0.0041169039823266695
1092,0.003989836295532179
1093,0.013166282278905594
1094,-0.004773006089620391
1095,-0.002990969056010373
1096,0.00019031162250482403
1097,0.01042790662145432
1098,0.0010833280619768626
1099,0.003106906009821442
1100,-0.00032853204813487746
1101,-0.0007040700388314391
1102,0.002912166684310824
1103,-0.0023883643699723622
1104,-0.010752020588732147
1105,0.009492478420083605
1106,-0.0011283793872323145
1107,-0.006212883330064423
1108,0.002036527059750215
1109,-0.000992637579731892
1110,0.0026496350157669823
1111,-0.008446829767365216
1112,-0.0017131405785448806
1113,-0.00614948343298638
1114,-0.00014404424592528997
1115,0.01199334561070775
1116,0.0032235256584365324
1117,-0.00765487731560166
1118,-0.0042855147091112045
1119,0.005451797872915165
1120,0.0016169125068659085
1121,0.010399337280960319
1122,-0.004438989454579101
1123,0.005123117094544716
1124,0.0007074213462532342
1125,-0.007262226553536477
1126,-0.0030404747398875553
1127,-0.00019079250219966593
1128,-0.020970389167612402
1129,0.0020934125311848906
1130,0.00801559028132881
1131,-0.0009156994698241716
1132,-0.0028460112752514144
1133,0.006289164990408214
1134,-0.016777699463109474
1135,0.001809051879281931
1136,0.012591289721574528
1137,0.011037526630873762
1138,0.004337731986340243
1139,-0.0003320719468025146
1140,0.008024629444892906
1141,0.0008476753343786836
1142,0.0005177838476484453
1143,-0.003951273810264833
1144,-0.0017946410551197278
1145,-0.005630047082481604
1146,-0.010372026721270355
1147,-0.005817427393114083
1148,0.01228302309267515
1149,0.006879003914145532
1150,0.00023754688781374433
1151,-0.0015178440261143233
1152,-0.003373002479554521
1153,-0.0019542911574580435
1154,0.003295170926833846
1155,-0.008187692120510626
1156,-0.0019196677765397352
1157,0.012598982837128236
1158,-0.009022890029191988
1159,0.0011976919512359796
1160,-0.001244171951148454
1161,0.0036420014030853487
1162,0.005586875626435006
1163,-0.0028963201451460696
1164,-0.007905691340893473
1165,-0.020881391313052
1166,-0.030102452435143312
1167,-0.04210704111739383
1168,-0.011767558013447754
1169,0.03839341689608444
1170,0.024735345459033775
1171,5.050551845453555e-05
1172,-0.00807956651740438
1173,-0.02984724601073374
1174,0.018981131758464276
1175,0.000716227271918779
1176,-0.015136828128881952
1177,0.025131249470143002
1178,-0.013372176711393124
1179,0.005441865725185346
1180,0.004544555516942994
1181,-0.003710760515454603
1182,0.012499770284225997
1183,0.008666763833558688
1184,-0.0022483998518488812
1185,-0.01634141617752438
1186,0.005167592026311896
1187,-0.012979604003194867
1188,-0.0015988625852968452
1189,-0.0036155494577605474
1190,-0.0002590506219455335
1191,-0.025097351237700405
1192,0.0005852132230603768
1193,0.01865795760958755
1194,0.0026094603250017556
1195,0.01493771974574476
1196,0.017794845416994054
1197,-0.0034260287635801134
1198,0.00819028333409344
1199,0.009026606898665523
1200,0.0005964023442621702
1201,0.0009435321626045656
1202,-0.00630182904326182
1203,-0.004793911705156861
1204,0.015354414841540764
1205,0.004546420107977456
1206,0.0004917585048487272
1207,-0.0012779790911888744
1208,-0.006203731672314139
1209,0.016893614052592154
1210,0.010961638170402077
1211,-0.002457669824238562
1212,-0.001932198459252077
1213,0.011374720702589602
1214,-0.0005743101190185396
1215,-0.004309801054995788
1216,0.011830852814054937
1217,0.002899656711047305
1218,-0.003033370230248744
1219,-0.0009983917700262523
1220,-0.0005238161993822432
1221,-0.009330923984896766
1222,0.0023066721187692263
1223,-0.003931762418526441
1224,-0.013959858158930083
1225,-0.01122815179309955
1226,0.015206991334270503
1227,-0.0007295137348695135
1228,0.015865930894499503
1229,-0.0008622869506349495
1230,0.003644072318814029
1231,-0.0011467308792368902
1232,0.0013394316764954173
1233,-0.00014330321127353773
1234,0.0011464179428946064
1235,-0.004151371458077424
1236,0.009535382026202743
1237,-0.010204577029175654
1238,-0.014003081994082067
1239,0.019502965797796312
1240,-0.006058660430153129
1241,-0.006719437449681953
1242,-0.007779562529040884
1243,0.0025812473789823542
1244,-0.019381325854270215
1245,0.005052238576981338
1246,0.010498058488866091
1247,0.014631823379281483
1248,-0.015238053688265807
1249,-0.017815016018307483
1250,0.008249201159008512
1251,0.00907431672782777
1252,0.012383168609121142
1253,-0.0016502061671589408
1254,-0.0022849686850324735
1255,0.010671237416386647
1256,-0.00708703213806372
1257,-0.010003268473831373
1258,-0.013979743543724332
1259,0.0016913408477916558
1260,-0.012614164765309632
1261,-0.02399156397597335
1262,-0.0109766546484249
1263,0.0009901877579177043
1264,0.008067787228907664
1265,-0.024940386269795778
1266,0.01641689849877448
1267,-0.02146625781576661
1268,0.001331350668024811
1269,-0.012815393435614997
1270,0.00560219444030885
1271,0.020515318961407347
1272,-0.015116521286168472
1273,0.01364353689993214
1274,-0.010883831042268755
1275,0.005209488540676155
1276,0.024377365648936333
1277,-0.00036158648588757725
1278,-0.018021987936409856
1279,0.0059948891459022935
1280,0.0015681371890781115
1281,-0.01905015853487746
1282,-0.013460834943024969
1283,5.3581296632687625e-05
1284,-0.000862467849324311
1285,-0.013008283418100564
1286,0.020616674503119548
1287,0.016878416203371716
1288,0.016334814266192987
1289,-0.004095935832658881
1290,-0.00046837604352523154
1291,0.014478911709741471
1292,-0.012629303800655856
1293,0.004575770846587446
1294,0.01211169952296487
1295,-0.002301201738685754
1296,-0.007842609379126175
1297,0.023506922110477335
1298,0.0044923683411326465
1299,0.003919685575981768
1300,0.0032535020172428375
1301,0.000798367931956534
1302,-0.010917822635982177
1303,0.004939552156053351
1304,0.0008024825423236237
1305,0.016137168488926212
1306,-0.0012822738094250274
1307,-0.0016300941547333636
1308,0.005787428312373333
1309,0.006344311617627829
1310,0.00392941504571076
1311,0.0014189444949066488
1312,-0.0005374847073114086
1313,-0.006599546953690583
1314,-0.00044292774362142406
1315,0.0005909489245650157
1316,0.009249811056223134
1317,0.004388034574656308
1318,-0.002427079348819694
1319,0.00681187104359493
1320,-0.0032378675930766487
1321,-0.00998787856599237
1322,0.010921142592796196
1323,-0.011965817717558114
1324,0.002696910956356824
1325,-0.0023472342643080513
1326,0.009312649884256397
1327,0.010101094839503277
1328,4.803327704339111e-05
1329,-0.0011055684760672424
1330,0.007026282819883045
1331,0.0031544739832498614
1332,0.0009527333452175046
1333,-0.005378341077183824
1334,0.0
1335,-0.0017227908137368297
1336,0.001486043679115312
1337,0.0020583817660126957
1338,-0.009076063058693906
1339,-0.00539854175415988
1340,0.007948207568495791
1341,-0.00870315736399141
1342,-0.005578138995720794
1343,-0.00019519593867356466
1344,0.003659400258730683
1345,0.0008262216289309787
1346,0.01243395424102789
1347,-0.009354811480407177
1348,0.00029046559616996426
1349,-0.008714024043533053
1350,0.009864948608281354
1351,-0.009333387420455086
1352,0.00029289213640693035
1353,-0.0034649189020203863
1354,0.006317094931724387
1355,-0.0013623132788408432
1356,0.012962017811210425
1357,0.00678326892476333
1358,0.0002866922706947772
1359,0.004298981381402944
1360,-0.0019023855464102013
1361,0.0020491024143831638
1362,0.003043907340679164
1363,-0.0029871306649278395
1364,0.005088746261145527
1365,0.0015613213620513378
1366,0.003259285408825363
1367,-0.0013653080924505012
1368,-0.00947768400722171
1369,-0.007711581445170146
1370,-0.0019671631977384862
1371,-0.0013935534946398764
1372,0.0029842179003696234
1373,-0.003724216208639497
1374,0.006439953447856084
1375,0.0028384695994791986
1376,-0.0016311128269386188
1377,0.01302271521424192
1378,-0.03590907814991595
1379,-0.017909992901521843
1380,0.018036184742809436
1381,0.01702723333724232
1382,0.013645843835280003
1383,0.0021003620193922323
1384,-0.0071930563421054305
1385,0.005997475364657889
1386,-0.0006198329822636461
1387,0.014890291276420164
1388,0.0035272363533294104
1389,0.0072631365186393015
1390,-0.00013954349413280998
1391,0.0055836728637406186
1392,-0.0013421367403866347
1393,0.0026876347213740104
1394,-0.001016878829566803
1395,0.004163113064496127
1396,-0.003777215222104724
1397,0.00448524132697159
1398,-0.0027161052629433025
1399,0.000461549620959234
1400,-0.0010609763025466457
1401,0.001154730348125188
1402,0.001614610760295676
1403,-0.000828974397347304
1404,-0.0064076477554489975
1405,0.0029229962840746637
1406,0.0010640194167357286
1407,0.008178502390700837
1408,-0.0005954659002996854
1409,0.0005958206912040076
1410,-0.002474679300645488
1411,0.004640494187191813
1412,-0.0008689552449965277
1413,0.0028839791434807083
1414,-0.005157489503152757
1415,0.0018805402169803642
1416,0.002244136948822417
1417,-0.0014621418037933376
1418,-4.5723369238359624e-05
1419,0.002013622781980695
1420,-0.005115086410079739
1421,-0.0006887548030460877
1422,-0.001883275494696579
1423,0.004924541112298675
1424,-0.0016486962561126361
1425,-0.0028440652538040956
1426,4.613036718881247e-05
1427,0.004507690661419428
1428,0.00302260744860372
1429,-9.132304852998985e-05
1430,-0.0022829611464620925
1431,-0.023934847903522738
1432,0.014347376538223156
1433,-0.014375710176379619
1434,-0.0003748960872298479
1435,0.009992749456957384
1436,-0.0038655114737465857
1437,0.00018762277890904677
1438,4.642193824810903e-05
1439,0.011245564205622394
1440,0.006301694609581077
1441,-0.0054794529443009665
1442,-0.008102050976519504
1443,0.006208042702026129
1444,0.004963415692217588
1445,-0.009047262337978479
1446,0.007545991107032579
1447,-0.0024039376428501846
1448,-0.005097792723801731
1449,0.004425298686927981
1450,0.0006955367274130708
1451,-0.003429517772875368
1452,0.005208541687023782
1453,-0.01262955718261416
1454,0.0013119164866539634
1455,-0.003275576527369206
1456,0.0005164002171198501
1457,-0.003471991600255131
1458,0.0062622453760672325
1459,0.002666999467639375
1460,-0.0018663679863636373
1461,0.00046732022265216777
1462,0.004252687154235435
1463,-0.0033502867033624595
1464,-0.002008155260246558
1465,-0.0026665432858440363
1466,-0.002955577686393207
1467,4.710960979648071e-05
1468,-0.007245498175583842
1469,-0.006018282244906192
1470,-0.004577517199518266
1471,-0.0011014304749137338
1472,0.02205737912492345
1473,0.0045035407647144865
1474,0.010602292827331938
1475,0.002495269180146531
1476,-0.002304912365302614
1477,0.0007854464582579546
1478,0.007802803950308412
1479,-0.0018782795999033874
1480,0.005140804330324711
1481,-0.0022378856058177243
1482,0.007551702343977285
1483,0.0019532072619306007
1484,0.000544150470351612
1485,0.0037152077669679873
1486,-0.0046945801369142615
1487,0.0019500437020865125
1488,-0.002399016518135233
1489,-0.003675248993380009
1490,0.0005008112290900701
1491,0.006008411631845734
1492,0.003167607701613173
1493,0.013080543592880023
1494,0.002449233886452795
1495,0.006040008509017092
1496,-0.001147517432225631
1497,0.006673843546258329
1498,-0.008254007812457664
1499,0.004116829232983843
1500,-0.0019556216427828454
1501,0.002177499457805654
1502,0.003857397960432385
1503,-0.0027825814488325884
1504,-0.0017273938947872658
1505,0.0014640685055606895
1506,0.002481139504234786
1507,-0.008264478812025411
1508,-0.00022257252447610565
1509,-0.0036552982296077507
1510,0.0076503096391502545
1511,0.005948765365484832
1512,-0.0007943254687893253
1513,0.0035778479951023012
1514,-0.0033008460134047457
1515,0.0
1516,0.0028262628396582556
1517,-0.002509860607627812
1518,0.002295232022745397
1519,-0.003523378417356393
1520,0.0022096944923859496
1521,-0.0037041760086437003
1522,0.0036739637057905394
1523,-0.0026020333515659466
1524,0.006411628900126587
1525,0.00865537773985392
1526,-0.001045662584272078
1527,-0.001569371540707576
1528,-0.006201632026958115
1529,-8.841266534531655e-05
1530,0.0003956585542927993
1531,0.0006591187902826867
1532,0.006892991252289482
1533,-0.0017878451289186081
1534,4.386331883643457e-05
1535,0.001310330468436538
1536,0.005932574869287555
1537,0.0039463158776289475
1538,0.005442400872637254
1539,0.003995429449753507
1540,0.005220503234375284
1541,-0.0008512422945452514
1542,0.001576113790189293
1543,0.0059552078735647385
1544,-0.0008881263838301789
1545,0.0006772374349499621
1546,0.0012687662408268352
1547,0.0015631101272377546
1548,-0.002699392560916669
1549,0.013997642430558344
1550,-0.006297416629611807
1551,0.0006294372457391617
1552,-0.0029777659845804383
1553,-0.00298680700349252
1554,-0.0018566521668016422
1555,0.0012681966664185307
1556,0.003504265447867194
1557,0.0005046752689286116
1558,-0.003826375520982972
1559,0.008653510279330812
1560,-0.001967278952660134
1561,-0.0017559197348844258
1562,-0.0010971442301506151
1563,-0.01283949965857134
1564,0.002353300566940719
1565,-0.0010670488290839275
1566,-0.0007262668756768953
1567,-0.001026809257011485
1568,0.007277210219015284
1569,0.0009350932156915182
1570,0.0031837250954092067
1571,-0.0023275092556873656
1572,-0.0017391754885579536
1573,0.0006372837461576797
1574,-0.0029723190423964763
1575,0.002810765335281573
1576,-0.0010194000991607943
1577,0.0005954237831962139
1578,-0.0011896199303340627
1579,-0.004381931693203778
1580,-0.006495022339360723
1581,0.008859905783812572
1582,-0.002983923973836289
1583,-0.0018387320455967027
1584,0.00813896029431449
1585,-0.003186876501436453
1586,0.010997791069936369
1587,0.005818775787430175
1588,-0.0006289741065864662
1589,0.0008389159817812075
1590,-0.002179411762124883
1591,0.002520423935452598
1592,0.0003768572372673251
1593,-0.0012145504902596471
1594,0.0011743225055431683
1595,0.003936929902097486
1596,-0.00016706247248388095
1597,-0.0009178686314263995
1598,0.0017961046965728755
1599,-0.0020429732159918945
1600,-0.0016709628868967208
1601,0.005523465345493639
1602,-0.0009153512818476095
1603,-0.017744256987855977
1604,0.004028409893888307
1605,0.00650438845955037
1606,0.0050773500545295835
1607,0.0022129283327967375
1608,0.0023327746294603546
1609,0.004779495747860851
1610,-0.0002068502061681743
1611,-0.0008688639820001454
1612,-0.00024847305396791253
1613,0.007952246627471515
1614,0.003328354531956901
1615,-0.0007370536989426135
1616,-0.0031968272872973102
1617,0.0018501224339397826
1618,0.0004925408138238829
1619,-0.0015177647909059289
1620,-0.00020544805812872102
1621,0.004890181006389049
1622,-0.001268039524703557
1623,-0.0019241205112546789
1624,0.00021845827865618617
1625,0.008325006370904608
1626,-0.006743854193473453
1627,-0.00024708836939035805
1628,-0.0004527022946374526
1629,0.0011941909165267273
1630,0.0006579820370118394
1631,-0.00805631814455876
1632,0.008950631652057783
1633,-0.008788933035766777
1634,0.0018644701771466377
1635,0.0016957616586665836
1636,0.0023119352609377586
1637,-0.009144514310641672
1638,0.006485161172218756
1639,0.0010737882283347044
1640,-0.000742362999745505
1641,0.007514606816330316
1642,0.0016801895680231826
1643,0.004664258629038409
1644,-0.0001223319697915004
1645,0.0005294864250415809
1646,0.0054142736819604576
1647,0.00044522705419769437
1648,-0.0008904794591011456
1649,-0.00024286348497915
1650,0.0024307021937102213
1651,4.042399720072254e-05
1652,-0.0009295739974166661
1653,-0.0011729880224429223
1654,-0.0005670345135757593
1655,0.002228753695063146
1656,0.0004852138605893064
1657,-0.0019397738193691616
1658,0.001822186619724997
1659,0.0018590171843286818
1660,-0.0024608268078246676
1661,-4.0590603106793743e-05
1662,-0.014115077345443816
1663,0.0014768291967108826
1664,0.0099129975596981
1665,-0.00012163443436330468
1666,0.0017446486136953876
1667,-0.015591024829405775
1668,-0.0015631163123398517
1669,0.0007829605911982007
1670,0.010456827920388934
1671,-0.0035853009875672637
1672,-0.002330900214977616
1673,0.0023363460043814843
1674,4.0825721880466403e-05
1675,0.0011446355097004535
1676,0.00473776421526062
1677,0.006015981917256941
1678,0.0014140887581872708
1679,-0.007181946521966021
1680,0.0034138893222968036
1681,-0.00012173836477313849
1682,-0.0011744856807068826
1683,0.01066561394037957
1684,0.0033708780357255552
1685,0.0004800552428101401
1686,-0.0003199758123273444
1687,0.0013462032091280385
1688,0.0021268027345220375
1689,0.0010013982766372553
1690,0.00035991601452778355
1691,-0.0026794318675781303
1692,0.00020064165144706436
1693,-0.00204445800874431
1694,0.0006023429878960762
1695,0.0038944204922504166
1696,0.0011997739342046732
1697,0.003514742233831747
1698,0.00433894156207959
1699,0.002140000004108744
1700,0.0011865778738793242
1701,0.005925107121014461
1702,-0.0011387706419989652
1703,-0.0016512795174704609
1704,0.002638320646347392
1705,0.0015711452687443561
1706,-0.0014901551451105277
1707,0.001217570662898071
1708,0.0013334022794369016
1709,0.0007051699331621641
1710,0.0009783856312444161
1711,0.0002737153469849485
1712,0.005160530550392117
1713,-0.0038894539462565048
1714,0.0017572469316824435
1715,-0.0049501419824610204
1716,0.0012926423412480403
1717,0.008176211032102199
1718,-0.003725120551340111
1719,0.0015577071374643925
1720,0.0013223983001058315
1721,0.000388257290443228
1722,0.0033388168651302674
1723,0.0015477283771796468
1724,-0.0006953380643288654
1725,0.001700712420891648
1726,-0.0036276412110071155
1727,-0.0003098680249995489
1728,0.0009297583250960084
1729,-0.0023225042326309175
1730,-0.00500523619036497
1731,0.00850103684081338
1732,-0.0029387577633692707
1733,0.0017063901920557623
1734,0.006542818398744377
1735,-0.0008846176416190676
1736,0.0023096517808989248
1737,-0.000499117668002258
1738,0.01014476395103392
1739,-0.0006085240295017336
1740,0.00875471723924659
1741,-0.0020752113336308664
1742,-0.0012100573596327546
1743,-0.003596434048640851
1744,0.000189792996960092
1745,0.003153142745822235
1746,0.00545307088154634
1747,0.0030128871239130106
1748,0.0017648790750948162
1749,-0.0001124988633534052
1750,-0.004086169704294207
1751,0.008327818548343746
1752,0.006341069668816646
1753,-0.003840610559653568
1754,-0.0005238143464519895
1755,0.0020593390145571266
1756,-0.00026134529611232526
1757,-0.0011964106908144423
1758,0.0004866521932032075
1759,0.0020573625580464494
1760,-0.0037704512470251306
1761,0.007157106293770088
1762,0.00632529779491775
1763,0.004214893198892566
1764,0.006663967096808721
1765,0.001828756997886094
1766,0.00226333850996574
1767,-0.0015298214688578282
1768,0.007296097424448256
1769,0.00651894987319146
1770,-0.0034182973793774885
1771,0.009531618624280869
1772,-0.00168092790220431
1773,0.004549922158284758
1774,0.008130781569991363
1775,0.0021224608140146817
1776,-0.00038842212024225997
1777,0.00042408550719641447
1778,0.011577796441388344
1779,-0.006629823185120065
1780,-0.010257447952359944
1781,0.0004969345028733585
1782,-0.0011351554565364186
1783,-0.021769753638884448
1784,-0.04182256596605305
1785,0.019702096423632964
1786,-0.00542470507062498
1787,-0.03750898955188975
1788,0.015021478557774248
1789,0.014684329030942855
1790,0.0024873491348536003
1791,0.013496383315148686
1792,0.012760241644529602
1793,0.0002930240936447337
1794,-0.0062614765359541025
1795,-0.004974211463780076
1796,0.0012966207208380265
1797,0.015939181416820825
1798,0.011612111448636053
1799,-0.012486491669218336
1800,-0.010130233510276199
1801,-0.014540473475694204
1802,0.0051546305690763905
1803,0.011558326903735372
1804,0.0025348318330820074
1805,-0.00036632394956059855
1806,0.004838949659609737
1807,0.01740249451580067
1808,-0.0012553645800039703
1809,-0.006462591625954639
1810,-0.005131541567791387
1811,-0.0010897485891558922
1812,0.001084623851935529
1813,-0.013530589146080518
1814,0.0017006674614972184
1815,-0.0019193313373921939
1816,-0.02499701001791199
1817,-0.021314974756480587
1818,0.027359452906487336
1819,-0.01701182753629016
1820,-0.0029544768260687526
1821,0.012777190127868154
1822,-0.021584436739868762
1823,0.012817036039135754
1824,0.010698924808843824
1825,0.00789207212627896
1826,-0.02228577074846594
1827,0.004928242310564768
1828,0.01590038818123185
1829,-0.00524207845869884
1830,0.008227082191106794
1831,-0.0029332474696249777
1832,0.008221989453335077
1833,0.010698082328088443
1834,0.0007404759019928875
1835,-0.005547718643975741
1836,-0.0084793708694475
1837,-0.00014982689631048984
1838,-0.013467236432467944
1839,0.002471597173803408
1840,0.01016563920037461
1841,0.0009385497445508761
1842,-0.007690330311781901
1843,0.001776918328688204
1844,-0.006717257770316509
1845,-0.0022039857794777795
1846,0.012946244915495786
1847,0.003383312813291628
1848,0.0
1849,0.009665792975217968
1850,0.009350770672066577
1851,0.0030512469885490834
1852,0.00047678957835128877
1853,-0.006887448803886809
1854,0.004205060902362945
1855,-0.0008448363380378909
1856,-0.0024996399501268085
1857,0.0075185948714382445
1858,-0.0027804494065059027
1859,0.0027512712028610053
1860,-0.002048224375304386
1861,-0.002382940637996933
1862,-0.011501007746651304
1863,0.013344525584517486
1864,-0.0061257158533830625
1865,0.009817748121089709
1866,0.004751132963197957
1867,0.0007276021305624436
1868,0.008360718384580634
1869,-0.00010819990478649899
1870,0.0029564054731743283
1871,0.0013299783420759326
1872,0.0012926232211678546
1873,-0.003191352483248866
1874,0.0025179384718236886
1875,-0.0012757406381442848
1876,-0.0020565365491309606
1877,-0.003832673434713274
1878,0.0017058325726351242
1879,-0.006268856522152366
1880,0.001823311511606418
1881,-0.013613126483843496
1882,0.0022141329891223194
1883,-0.008284184688115537
1884,0.005717322947459191
1885,0.0014396260936335725
1886,0.0021380818337186636
1887,-0.003531142698568246
1888,0.008157852033255919
1889,0.008458260823597463
1890,0.009004223520560961
1891,0.003598413231453934
1892,-0.007314401046017993
1893,0.009065872736086833
1894,0.0007875622757180789
1895,-0.0008939369396167018
1896,0.00404507916129182
1897,0.002103698893988648
1898,-0.0037712492099262196
1899,-0.0011431940839051746
1900,0.0018592146771303497
1901,0.005032025714740929
1902,0.008522792615657915
1903,-0.002358895537069805
1904,-0.006776563971347405
1905,-0.005223594837725276
1906,0.004929479359399691
1907,-0.0016706044088372618
1908,0.005447638292645163
1909,0.004284603471215176
1910,0.0036673328734617705
1911,0.003302354620883241
1912,-0.00041995590343635314
1913,-0.0013665049192982393
1914,-0.006700103604240004
1915,-0.0037432809028805636
1916,0.006380430285690464
1917,-0.00746722854452897
1918,0.008091303199536659
1919,0.0035204394368664182
1920,0.002139905844621204
1921,0.002345665900132632
1922,-0.0005938543456732726
1923,-0.0013280912534555656
1924,0.006018503966758848
1925,0.007895244830135928
1926,0.0004833964097610277
1927,0.00538052219921048
1928,-0.004047888355473095
1929,3.440773542262576e-05
1930,-0.0017223238631159932
1931,-0.002691987780951588
1932,-0.0030096949046668486
1933,-0.0019431543647742133
1934,0.0017380788746190756
1935,0.003297483880289054
1936,0.00024236760242191124
1937,0.005914223130038643
1938,0.0001723113480853744
1939,-0.005294438150238778
1940,0.0054261841485765405
1941,0.0010660441103436114
1942,0.008103234234882795
1943,-0.0009134045779614075
1944,-0.0033222255424332214
1945,-0.0009273159020800614
1946,-0.0029924124596505397
1947,0.0027941751160014405
1948,0.00010285369383100651
1949,0.003474603120127151
1950,-0.0005826985866215217
1951,0.0005488172667806879
1952,-0.007816036380993485
1953,-0.0055970812070400555
1954,0.0
1955,-0.0014589090077284927
1956,-0.03166335680114196
1957,-0.02202664552318112
1958,0.013888355490029314
1959,-0.005616800556816126
1960,0.021865958803837904
1961,0.0001783389305050065
1962,-0.014441425532540575
1963,-0.00054275961679362
1964,-0.004488721164402909
1965,-0.005090435582367436
1966,-0.030298625202796248
1967,0.01794025687374945
1968,-0.017587133671539523
1969,-0.005540208367601274
1970,0.014818360374549977
1971,0.010680850683611132
1972,0.010641773725512449
1973,-0.005922823380399289
1974,0.005517126545790285
1975,0.006327367403283102
1976,0.02140914058137322
1977,-0.0018150846645000884
1978,-0.009767884422350992
1979,-0.018685291315385544
1980,-0.0018709764574710297
1981,-0.006836806789105809
1982,0.010436835891381335
1983,0.0026004686698248847
1984,-0.016914468609594557
1985,-0.01850622131911195
1986,0.0034074535975527898
1987,-0.006678692282470422
1988,0.016144432483218285
1989,0.0033643985257492126
1990,0.023025354164243117
1991,-0.0021848722670093634
1992,0.006095054559944746
1993,0.013241421152958566
1994,-0.03240265455058433
1995,-0.0015168389974421492
1996,-0.023236138682099505
1997,0.001897008885799245
1998,0.0002274722181883071
1999,0.005034986778775119
2000,-0.00033878253319075124
2001,-0.0184645980798972
2002,-0.019618523214081973
2003,-0.0010964155252704
2004,-0.014975780205858769
2005,-0.01627785808664106
2006,-0.0204896452667519
2007,-0.026422908675839407
2008,0.05052472398880359
2009,0.007677438882864873
2010,-0.001289987644843893
2011,0.008758923486957393
2012,0.0010402002638638663
2013,-0.023862927949782398
2014,0.033495899172567345
2015,0.007884636632355502
2016,0.009395358843538704
2017,0.004673434162703938
2018,0.003527354276335881
2019,0.0003864959072878982
2020,-0.006100771514134018
2021,0.01146072725211189
2022,0.0024197304025197486
2023,0.0075868513451859965
2024,0.013309897344801591
2025,-0.013510065597164611
2026,0.0020920963963675376
2027,0.0005315708918951501
2028,0.008461121013560113
2029,-0.0075998847573286454
2030,-0.0013271635259901604
2031,0.015830757562812714
2032,0.008782581936477962
2033,0.00048148242589141077
2034,0.007035480621038204
2035,0.004192070002978721
2036,-0.0013182819847231686
2037,-0.00953315651803377
2038,0.0012216302112486588
2039,0.0005543707813664422
2040,0.012859662129657723
2041,0.003246723072776625
2042,-0.002217904840943974
2043,0.010896889555977785
2044,0.0017306104753693763
2045,0.0020155978873410696
2046,-0.003555845491748033
2047,0.0062000423848243
2048,0.0013613132717558152
2049,-0.0007151889906522602
2050,-0.00042996408148066045
2051,-0.0018621664502125324
2052,0.006243318783245577
2053,-0.003637322036765589
2054,-0.0013601069392080722
2055,-0.006057049082835886
2056,-0.008365296008139511
2057,-0.0019998517946708816
2058,0.01450116469207563
2059,0.003771093269275383
2060,0.006618893758597588
2061,-0.0006397461594692677
2062,0.004940821148934571
2063,0.003625794939434712
2064,0.0002477195700245627
2065,-0.0030096064506283104
2066,0.01129459045610992
2067,-0.019246267539441142
2068,-0.0007521973925708192
2069,0.007454382289914685
2070,-0.0052292808179483785
2071,0.0037905032670726424
2072,0.006305376829449871
2073,0.011859134060241638
2074,0.0004899601650281138
2075,0.0015735888915620055
2076,0.0026532823858078647
2077,0.004840307856680548
2078,0.0007624770049157181
2079,-0.005124827075762561
2080,0.003410766972429924
2081,-0.0002775548651511306
2082,0.006766433111627945
2083,-0.0006550310097792611
2084,0.0006554603566386596
2085,-0.002447625593629099
2086,0.001969566478352336
2087,0.0008620981218931956
2088,0.008991519646208923
2089,-0.002219245997724162
2090,-0.0006160210534592592
2091,0.004656764610245334
2092,0.0015676904415304893
2093,0.000510276516375141
2094,-0.007516227634518535
2095,-0.002159119361105133
2096,0.009787936690762944
2097,-0.004115178381900897
2098,-0.016700007869732247
2099,-0.0013889263197045532
2100,-0.0030258904062216985
2101,0.00502334077531974
2102,-0.025129975394193704
2103,0.00904357787562593
2104,0.005857511357173717
2105,0.009261089084467322
2106,-0.006465157900193863
2107,-0.006612056452622306
2108,0.009015969686107406
2109,-0.0030714843217356513
2110,-0.012218766670775039
2111,0.0022683628509030385
2112,-0.00930077603381585
2113,-0.00671031976734604
2114,0.0027310520625547507
2115,-0.013475528438669948
2116,-0.002542560895157142
2117,0.02170655761391571
2118,0.00866211212656176
2119,0.006502703949548216
2120,0.01000696610622498
2121,0.004589027138158341
2122,-0.0002424924128122674
2123,-0.0017649497194556218
2124,0.00412623502253795
2125,-0.0011052735981365025
2126,0.0003807936906468079
2127,0.010470800619578613
2128,0.002257239093754304
2129,0.00955412297011704
2130,-0.0014534306117170992
2131,-0.0012246099526336263
2132,-0.009807867081776167
2133,-0.0009976182252904309
2134,0.0035463070196830593
2135,0.0051454995858302155
2136,0.009078668904577869
2137,0.0026042782616992888
2138,0.00799519494377443
2139,-0.0011381458191572769
2140,-0.00549414547343996
2141,0.0012464245680001707
2142,0.004777693388934079
2143,0.0023441266076897893
2144,0.004477143348891266
2145,0.0003324600050058635
2146,-0.003225235265106541
2147,-0.0068049900435314115
2148,0.0036608041777965727
2149,-0.00555457484731714
2150,0.0024561658097534966
2151,0.007150136023939879
2152,0.004699490229321146
2153,-0.004776984946758378
2154,0.006699933441934425
2155,-0.0018210708255089747
2156,-0.0024550352841321565
2157,-0.010940060611490887
2158,-0.00870842995036325
2159,-0.0075291164385425935
2160,-0.030073154807499503
2161,0.014022662122086915
2162,0.0005912301862387448
2163,0.019619681695161706
2164,-0.006811133032845307
2165,-0.012173289835217593
2166,0.015551364994632833
2167,-0.029567513706597714
2168,0.002641740536687198
2169,0.014754651294160315
2170,0.012048153728622557
2171,-0.007662487363745751
2172,0.008135359774981143
2173,-0.00030794659972777083
2174,-0.025687387543141815
2175,0.011058306463206824
2176,-0.003923784513610418
2177,0.007041784111307514
2178,0.012773184586131414
2179,-0.00044434750328459227
2180,-0.00584721322044246
2181,0.011350312983026356
2182,0.012855179589605692
2183,0.0007723733469346961
2184,0.0005034890365795963
2185,-0.0002348582565961932
2186,0.007110980840371095
2187,0.003463860988626166
2188,-0.0006638405087394661
2189,-0.0030888034317472224
2190,0.002532157599635765
2191,0.0005980021418319215
2192,-6.62816115823972e-05
2193,-0.00472484868026446
2194,-0.0002349431138686242
2195,-0.007846444551219078
2196,0.0059142222954011725
2197,-0.0020828409194330044
2198,-0.005386982439452348
2199,0.004637433532898028
2200,-0.011894836032818157
2201,-0.017664751790883892
2202,0.008193154489236631
2203,0.013532141758419991
2204,-0.004314831192177904
2205,-0.015524658757816168
2206,0.00949628330088359
2207,0.006763349707141542
2208,0.01036720042921302
2209,-0.0011137981133381158
2210,0.009900210831056189
2211,-0.0016061186149659568
2212,0.0029492133572479595
2213,-0.004377066603750146
2214,0.006779230595017838
2215,-0.003266904862765485
2216,0.00290936520017282
2217,0.00163438509215319
2218,0.004094860558382374
2219,0.005636585020329488
2220,-0.00029666258975036275
2221,0.003067154754133661
2222,-0.0026631360957621864
2223,0.009263863680369022
2224,0.0040175733235392475
2225,-0.0011061981632000117
2226,0.00022781400969451582
2227,0.003517093590619913
2228,0.0024659376037237113
2229,-0.0019094756869286744
2230,0.002107700688588121
2231,0.00032381986397411744
2232,0.0014556949624686677
2233,0.00723629075707799
2234,0.0007374700529527711
2235,-0.00028847849934021674
2236,-0.0037186594477515156
2237,-0.0016090212264024961
2238,0.0022242144117381457
2239,0.007750191815240948
2240,0.0022657104887731094
2241,0.004457185381194773
2242,-0.003708668142919369
2243,-0.008494536239673889
2244,-0.006706519179978554
2245,0.006170132165826292
2246,0.0017978720835594153
2247,0.009134477051935264
2248,-0.0031442227232443276
2249,-0.001115377365631498
2250,0.0028391575987716244
2251,0.00861887590867605
2252,0.00059892862288069
2253,0.00687002880330323
2254,0.0002192349336129773
2255,6.247607036335978e-05
2256,0.004098694779419709
2257,0.004384443138805816
2258,0.001527887272293249
2259,3.1028615083528166e-05
2260,0.005323458636943945
2261,-0.0002480347170676911
2262,-0.005513090538825316
2263,0.002429125413783595
2264,0.009352011430396212
2265,-0.007572151524572024
2266,0.0038150659466387182
2267,-0.0028121082002241504
2268,0.005329805985253344
2269,0.0067803826942050005
2270,-0.002877532146684958
2271,0.006877472533672879
2272,-0.0015247427141813485
2273,0.002260117819385732
2274,0.008318152718914895
2275,0.0031125739944273256
2276,-0.0019581508352715105
2277,0.00012063806441764413
2278,0.001147072641238145
2279,-0.008893253112279176
2280,-0.016029243625165224
2281,0.01047916296896334
2282,-0.0008259762124118719
2283,0.0032451992898072657
2284,-0.018158087295725434
2285,0.007428786917249575
2286,0.015241153699707466
2287,0.01154799111163518
2288,0.003364522389229796
2289,-0.005329233948026313
2290,0.00746517702695515
2291,0.0017331197431693646
2292,0.006443039830023922
2293,-0.0010672271661963384
2294,0.0016022071929269188
2295,-0.002577144655154018
2296,0.004781437759050267
2297,-0.00410824702918644
2298,-0.010298294093524007
2299,-0.03316532568362329
2300,-0.030302364299833573
2301,-0.0036782811952242866
2302,-0.04491175889054955
2303,-0.004201259320441575
2304,0.04330620301466204
2305,-0.02863237672102692
2306,0.042033026540255536
2307,-0.03324160207005511
2308,-0.01653110253185397
2309,-0.07809441157683839
2310,0.05174481099279582
2311,-0.048748394693378105
2312,-0.09567709729460883
2313,0.08548601409240941
2314,-0.10942365762735207
2315,0.05399214289244614
2316,-0.0506328964700663
2317,0.002125026826704568
2318,-0.043094123540498463
2319,-0.0255683042376057
2320,0.09060327965771475
2321,0.014970181282934147
2322,0.05838992811522847
2323,-0.02978577234570956
2324,0.032475683733729444
2325,-0.014905334790184077
2326,-0.04500497080101418
2327,0.02307542882017999
2328,-0.014453997740229041
2329,0.06716614590787318
2330,0.0010193636207935786
2331,0.03356861250268883
2332,0.01521707739757483
2333,-0.009130052679365619
2334,0.029492954764333223
2335,-0.02124827465647694
2336,0.004824492736120289
2337,0.027015391568901093
2338,-0.017617931207781212
2339,-0.030363282692595694
2340,0.02219456699338518
2341,-7.206652105529177e-05
2342,0.013938858414703104
2343,0.014418609196359622
2344,-0.004598512622342565
2345,0.02617850570032676
2346,-0.00931098466480873
2347,-0.02647324043709587
2348,0.002758671106988686
2349,0.009239190876875192
2350,-0.006778853492312109
2351,0.012066749124465037
2352,0.016545993763755318
2353,0.00020532431617370506
2354,-0.019931502833152703
2355,-0.017685677450293258
2356,0.011967190002784678
2357,0.0045967281350443034
2358,0.030459556523722897
2359,-0.010271198106697299
2360,0.016988286129493435
2361,-0.006903844409839488
2362,0.0018989397865283308
2363,0.012320382767442517
2364,0.014879346225420642
2365,-0.0018449322062519258
2366,0.0044555360192590765
2367,0.004041911698210887
2368,0.008280547866335253
2369,0.013307744065866212
2370,-0.002626447132087817
2371,0.025629382022840153
2372,0.012087637381187122
2373,-0.007456778237900474
2374,-0.005579954566085843
2375,-0.05764902901119551
2376,0.011975658394010269
2377,0.009335521252567869
2378,0.019247869537631246
2379,-0.004153847399911315
2380,0.0003851126803156024
2381,-0.005715127380885088
2382,0.00641507794994034
2383,0.0046040602125903
2384,-0.025508876714763207
2385,0.010720460424185951
2386,-0.023751487333855237
2387,0.014697554984342664
2388,0.012809735373047415
2389,0.0070048526120720656
2390,0.005506827514062174
2391,0.015437396577011375
2392,-0.010313873763047932
2393,0.007648659285893977
2394,-0.005692899191763634
2395,0.010210580450752182
2396,-0.008659176914310507
2397,0.012959132812633278
2398,0.009187372116421288
2399,-0.0032935068363026954
2400,0.0028989783589130624
2401,0.008081532524582435
2402,0.002127780414273861
2403,0.005692017712578101
2404,-0.01193187019837083
2405,-0.006440362609606232
2406,0.007292296859013225
2407,-0.006342095323079833
2408,0.012298782928899854
2409,-0.0035679510033520545
2410,0.00790202164926912
2411,0.006951930917934224
2412,0.0038629659867199795
2413,0.0062105639664356005
2414,0.006685111416056433
2415,0.0007174994277356905
2416,0.002989119147839059
2417,-0.008254694982300692
2418,0.013942555367967069
2419,-0.0018080549796349876
2420,2.9775287076150292e-05
2421,0.0031765198688173957
2422,0.002160247241227875
2423,-0.004163778044237065
2424,0.0031138529768450773
2425,0.0035471578411119253
2426,0.010133491255699179
2427,0.003499065689247516
2428,0.010025712890533
2429,0.0021863958575973896
2430,0.0064596301811852275
2431,-0.003622585134116285
2432,0.009418492973567894
2433,0.014464029828215486
2434,-0.03441422749410794
2435,-0.008164902505695015
2436,-0.027322901565052238
2437,0.019747644451710178
2438,-0.01736364378207078
2439,0.000508771723168433
2440,0.013171301185984197
2441,0.00505272201381457
2442,-0.003968921914474621
2443,-0.008795286686704706
2444,-0.01151250252152558
2445,-0.01112964241494585
2446,0.010184326658031928
2447,-0.02319114962872415
2448,0.002665571500755748
2449,0.016167161750024972
2450,0.016609149242621024
2451,-0.005445898242554703
2452,0.007581990660507021
2453,0.006419824907485827
2454,-0.009494263672508718
2455,0.017733099197127178
2456,-0.0142159676414223
2457,0.01740657525851086
2458,0.008862379348155702
2459,0.008930287448048801
2460,0.016087719402269718
2461,-0.0065263096663447095
2462,-0.006283415579417251
2463,-0.0012356749201056783
2464,-0.0006044167514562826
2465,-0.015203403399658533
2466,0.004005899894786502
2467,-0.0018931878511224687
2468,0.005485266389125165
2469,0.003395367813830541
2470,-0.018480150267874196
2471,-0.0034471093595876967
2472,-0.03417916107783847
2473,0.01016361335877125
2474,-0.010424817985885237
2475,0.011208343976074842
2476,0.017655919844358214
2477,0.022349299968689396
2478,0.019502614393121176
2479,-0.00022807546529679534
2480,0.012565471286047902
2481,-0.0014666832270824326
2482,0.0074287404021886605
2483,-0.009701096790573738
2484,0.013844694282795
2485,0.012482402636429857
2486,-0.005378238240269728
2487,-0.012034804044618208
2488,0.0042101241257732624
2489,-0.006847885820637223
2490,0.005994399359769309
2491,0.016113953557395755
2492,-0.0015418112610910972
2493,0.002784946651785525
2494,-0.004427076881536873
2495,0.01093743759010124
2496,0.0021036726108549786
2497,-0.00027278674938147063
2498,0.00861769504322063
2499,-0.002054879338837412
2500,0.002926500163005885
2501,-0.008968972503546446
2502,-0.00032720151582310564
2503,-0.001172685246259464
2504,-0.004477103027286988
2505,0.013519374681922658
2506,0.0015696468405017594
2507,0.005591729246259947
2508,-0.0039931304790660205
2509,-0.003575321599323833
2510,-0.0016853862090818739
2511,0.00089868477620203
2512,0.003890420873285949
2513,0.008590645719793732
2514,-0.001907630039779784
2515,0.0014269157652402331
2516,0.0050808519934462115
2517,-0.013614279526484974
2518,0.006887431134502853
2519,0.005978582290944834
2520,0.014857541155647525
2521,0.0056975879656460116
2522,-0.006740684804330321
2523,0.0002112470649877629
2524,0.002692852680842295
2525,-0.003502056924580055
2526,-0.007292754965563253
2527,0.007852218572956371
2528,0.01383870298966361
2529,0.0009113588951312757
2530,-0.003539245046782713
2531,0.003943877303255183
2532,-0.0015609860215685112
2533,-0.024440492094401134
2534,0.00860021829807378
2535,-0.020019531292030712
2536,0.016645610598029048
2537,0.01413999841716751
2538,0.0007862600355925675
2539,0.011365892244163511
2540,0.003935830807084262
2541,0.007222139499194702
2542,-0.0006660011372212615
2543,-0.0004355506629799555
2544,0.00161488127385212
2545,0.004939830986646632
2546,-0.0008661300832675245
2547,0.00022968781266685667
2548,-0.004256035811141534
2549,-0.0017659805767926695
2550,-0.007691734554440943
2551,0.0012143855342738874
2552,0.011019309628843121
2553,-0.02409574575772233
2554,-0.0051526784405574455
2555,0.02424033899316136
2556,-0.0078034149859310675
2557,-0.013245585575676011
2558,-0.012374795996199062
2559,0.018396540890109225
2560,-0.004978885914116549
2561,0.014277603731968957
2562,0.006224718195510848
2563,0.010139024325731771
2564,0.0013468087447330301
2565,0.005963604975491865
2566,-0.0012612550262418587
2567,0.0034097957940377732
2568,-0.014549700539515764
2569,-0.0018504847205478292
2570,0.00798507950015992
2571,-0.007870655475589183
2572,-0.005083488851169937
2573,0.005625408791717135
2574,0.016115118297256537
2575,-0.0005049229785857312
2576,-0.002653187611308394
2577,0.004053324753131138
2578,0.010799129889334624
2579,0.014353110788271062
2580,-0.0005904941916532458
2581,0.0011570344591715909
2582,0.00474686141689129
2583,0.007270216452873957
2584,0.0003647137552122981
2585,0.002963556954689528
2586,-0.003415143861306813
2587,0.010742462263380492
2588,0.003342355925808338
2589,-0.004913010548312502
2590,-0.007321391979796421
2591,0.009461802082340043
2592,-0.009132960922393019
2593,0.010842594706488073
2594,0.002087400254897842
2595,-0.0002153731090845934
2596,-0.00028758814273932565
2597,0.006372849085810595
2598,-0.00657044362469128
2599,0.002156728425126264
2600,-0.006169372760938208
2601,0.0003127572529748601
2602,0.007985752952886394
2603,0.007277921907631102
2604,-0.009902245538017995
2605,-0.008924878025788341
2606,-0.02124508440885642
2607,0.012012418085343146
2608,0.015355255528970657
2609,-0.0025445130340572275
2610,-0.0086156038548576
2611,-0.002621859029006912
2612,0.010758126023288739
2613,-0.0008188900840571112
2614,0.010194073438650308
2615,-0.0022185280249743533
2616,0.0019846297517838174
2617,0.0005250371028280298
2618,0.0017885630411289544
2619,-0.0008808060868259471
2620,0.0015727050480505156
2621,-0.0037114938296318734
2622,0.009145874182586278
2623,-0.0009700785247630517
2624,0.000213113404188503
2625,-0.001491936331569077
2626,0.004648472297387185
2627,0.0016523068507365846
2628,0.0022389955567521103
2629,-0.0018340050221811177
2630,-0.0055832623034918205
2631,-0.00033181986732888635
2632,-0.01349050164199006
2633,0.014316166739258174
2634,0.005346043314077287
2635,-0.001205183617623895
2636,0.005915734954777374
2637,0.0035518284425990476
2638,0.002016030897535659
2639,0.0005380476033878256
2640,0.0008418234882872078
2641,0.00553654472592946
2642,0.0076434502102840085
2643,-0.0018213320943419875
2644,0.003533987740696798
2645,-0.00814795295838644
2646,0.01067479721894693
2647,0.0035815610225671257
2648,-0.0034086677424503
2649,0.0014922688640266468
2650,-0.0034156001999953167
2651,-0.00784368053453477
2652,-0.01476777516882688
2653,0.014330207415496288
2654,0.008096472923740716
2655,0.002094087224551844
2656,0.010288071337035465
2657,0.0024548395985990457
2658,-0.004557594105824014
2659,-0.000409957622754864
2660,0.004147178702014198
2661,-0.004856404264489411
2662,-0.0020979328950162524
2663,0.008135354108012471
2664,-0.004918906921285826
2665,0.00633274475291179
2666,0.0016526502934373077
2667,-0.000813612938460051
2668,0.0012439832327042488
2669,0.0024849482737112627
2670,0.0029969160501834846
2671,0.0018197086028446385
2672,0.002354712179997609
2673,-0.00655543763331734
2674,-0.010944636446678646
2675,0.001548161886819166
2676,0.007957030946285304
2677,0.00879655410147362
2678,0.0015874160830195994
2679,0.0020983977549422494
2680,-0.005903107798458818
2681,0.008940928620270627
2682,0.00439760386821586
2683,-0.0014815634718586823
2684,0.0005313707943306323
2685,0.0030765969129815662
2686,-0.00024256805747813193
2687,-0.003575468195453846
2688,-0.0012184891021265187
2689,-0.004280227986616203
2690,-0.007884520619607094
2691,0.0025593056981580986
2692,-0.005396465775921344
2693,0.008352558225430462
2694,-0.0015851464623704015
2695,-0.009741119334290782
2696,-0.01667415044308651
2697,-0.000944579455589678
2698,0.009754491161546808
2699,0.012150130963215489
2700,0.0016473240408925172
2701,-0.002861016305102604
2702,-0.02015170174661074
2703,0.001683031368391541
2704,-0.0122223766714602
2705,0.011884227108916123
2706,-0.012896068486062506
2707,0.010405017491270874
2708,0.004156072890186824
2709,0.00864576757168023
2710,-0.0018240570195410255
2711,-0.0072396444881899225
2712,-0.0024613731702992636
2713,0.0035974964293405964
2714,0.016820602041918375
2715,0.007616004944547061
2716,0.0029604912141170114
2717,0.007714652447960546
2718,0.003927946711877794
2719,0.0026081720780217754
2720,-0.0010362257451957957
2721,0.005362761099457769
2722,0.0009001908215162668
2723,-0.004430188454921824
2724,0.00964873569941438
2725,0.0020290789938173237
2726,0.0017204080389541243
2727,0.0040431247042267415
2728,0.0061051494047512644
2729,0.0047123544330032185
2730,0.0034698587050203678
2731,0.0008536094784730164
2732,-0.0033053275091543544
2733,-0.008044871044304847
2734,0.0003234936593090598
2735,0.00754692438207627
2736,0.00034225428873635444
2737,0.003957855144154587
2738,-0.0024291462983060397
2739,0.0033964472115584066
2740,-0.0017883843014178114
2741,-0.002815147160007081
2742,0.001326004188273
2743,0.002669879698992794
2744,-0.02230312806779866
2745,0.01226657591795921
2746,-0.019457713035368585
2747,-0.01110717363323488
2748,0.015316298772759529
2749,-0.008701157597266085
2750,0.011843215044358368
2751,0.020684818617894507
2752,0.0026479186592165416
2753,-0.006751470098624535
2754,0.009413442159605268
2755,-0.008858319744873167
2756,-0.006879987183465053
2757,0.015624917500691282
2758,-0.008818544348485391
2759,-0.010642959912900207
2760,-0.010633356378154879
2761,0.017759149732366586
2762,0.00999862974582122
2763,0.006222045293252432
2764,0.01415210541333578
2765,-0.0008170484869479688
2766,0.0012791789145896182
2767,-0.002764430457321554
2768,-0.0025204036688001308
2769,0.0057899229257498686
2770,-0.0003348784838325125
2771,-0.01920207870204993
2772,-0.0009393799284315163
2773,-0.00395347904579324
2774,-0.0012443448723837847
2775,0.009108265673919647
2776,0.0027034594091845943
2777,-0.013778602926198591
2778,0.0004090158331873095
2779,-0.01770957115073657
2780,-0.010383707743653603
2781,-0.011067763208208459
2782,-0.019630659854782517
2783,0.0042465476109909694
2784,-0.01220894343286294
2785,-0.0025087082699658536
2786,-0.004937881771517549
2787,0.024835358909877536
2788,0.01801091266492927
2789,0.006756982699104075
2790,0.009714087253698933
2791,-0.023504980895368788
2792,0.0047022160858816164
2793,-0.0032092655621855926
2794,0.008227941521368853
2795,0.014636007345284474
2796,-0.01796567516165204
2797,-0.019718709660653477
2798,-0.003269376651766742
2799,0.016126789538488007
2800,0.0011209809464158837
2801,-0.02136141384393042
2802,-0.006475122281035084
2803,-0.010731693623333594
2804,-0.01773857147230995
2805,0.01504926968232878
2806,0.022063961679135158
2807,-0.002558574051684248
2808,-0.015230295169666341
2809,0.01839615226827296
2810,-0.004978376099106341
2811,-0.008124612834081724
2812,-0.02947917523361221
2813,-0.007581851128371508
2814,0.02681095930907107
2815,-0.004515557226066114
2816,-0.012715085874515974
2817,-0.0073083702465697176
2818,0.021990522960335657
2819,0.022174011812470473
2820,0.012510944508305366
2821,0.010952840146309484
2822,-0.0002923664024385708
2823,0.011701386455187812
2824,-0.01287845400225962
2825,0.015074452089159918
2826,0.004883562579310441
2827,0.00711303251582196
2828,0.012370745267890504
2829,-0.006174711087208906
2830,-0.015391267422269261
2831,0.002833955981350833
2832,0.008566664863852047
2833,-0.012631360379402157
2834,-0.009999335646493579
2835,0.005038993670873904
2836,-0.002673932069697793
2837,-0.017092127019775027
2838,-0.0037054415995319
2839,0.011453753300396219
2840,-0.012451910837927072
2841,0.00041117856384209617
2842,0.016142548544070268
2843,-0.0007414153401837931
2844,-0.014953573586893087
2845,-0.02743919910406789
2846,0.005797566175144375
2847,-0.028960743597349903
2848,0.002811709098739845
2849,0.025259414216962872
2850,-0.03695545654435117
2851,0.006019349939701657
2852,0.004583982363707939
2853,0.030453102336070126
2854,-0.03554294031285554
2855,-0.005968910936890559
2856,-0.03201734053310745
2857,0.0023107421762371683
2858,-0.015886216942343934
2859,-0.0010438470306500802
2860,0.02390772009328157
2861,-0.004057558082561585
2862,0.020570428401589735
2863,-0.04031162931853116
2864,-0.0061244553770501975
2865,0.0004364207618370308
2866,0.01871013857680892
2867,-0.007633969099956728
2868,0.008835005528880835
2869,0.019981229622302088
2870,0.024549227693824616
2871,-0.005610843755109118
2872,-0.008088653720277339
2873,0.0190436713929254
2874,-0.0164117376647257
2875,0.0030448377657408265
2876,0.00959222818130745
2877,-0.010872126175184849
2878,-0.023782922218491986
2879,-0.02899555835536549
2880,-0.03796822526743859
2881,-0.0030132757244930586
2882,0.0142563073160058
2883,-0.03309599825532239
2884,0.0021556286241315448
2885,0.02517369814294934
2886,-0.0018130117294795633
2887,0.00980265333916086
2888,0.03179370882217247
2889,-0.0038196212768732973
2890,-0.020432815810161653
2891,-0.0008145024090433495
2892,-0.0081243714315542
2893,0.010576685527902141
2894,0.0018884885551879727
2895,0.003377383087475261
2896,0.014977245294857333
2897,-0.0008227423637664488
2898,-0.011423588098384396
2899,-0.008848866687235168
2900,-0.005251756033976096
2901,-0.0024285182836083496
2902,0.019105302825086712
2903,-0.008257052611457927
2904,0.027019269526187717
2905,0.006373082090943782
2906,0.010183268505589371
2907,-0.009278330430694481
2908,0.0012151806184896863
2909,-0.011831014939093332
2910,0.025966240832210108
2911,0.01254246064894371
2912,0.014578603024825387
2913,-0.0029610967395938825
2914,-0.006597432001335779
2915,0.015659563005779642
2916,-0.0006756275542029178
2917,-0.001690210838522166
2918,-0.0011608539769837334
2919,-0.003970873527412211
2920,0.021003908213301115
2921,0.0
2922,0.016928993511313273
2923,0.004120752135488015
2924,0.001958555309493626
2925,-0.007097898626007626
2926,0.0029065181084773073
2927,-0.013438095855385912
2928,-0.020822616174504538
2929,-0.002419289174539818
2930,0.003201135312310033
2931,0.014117717149642273
2932,-0.033849213496603636
2933,-0.0066121470529060256
2934,-0.010977687246274792
2935,-0.007609135440371895
2936,0.0031378969708786286
2937,-0.010544262383568426
2938,-0.003773421016955769
2939,0.017965218027603758
2940,0.00653607275459378
2941,0.01553534074498275
2942,0.010747551609838313
2943,-0.043482350403517445
2944,0.003815629582121005
2945,-0.011353105923158968
2946,-0.00762899029370756
2947,0.0077549996179619995
2948,-0.011478549173541852
2949,-0.01744376130891656
2950,-0.008399825121632176
2951,-0.016754855020109538
2952,-0.009892653343624769
2953,-0.0025528425703559288
2954,0.019676252168374875
2955,-0.02088884662972257
2956,-0.015463395323098261
2957,0.026401139465259904
2958,0.030986604069458634
2959,-0.0023281896701874416
2960,-0.010315874134730563
2961,-0.027893876577147925
2962,-0.00763519785127087
2963,-0.0063330792761475685
2964,-0.003298411771739951
2965,0.026390929116984152
2966,-0.022788707390425378
2967,0.025697042610925314
2968,0.011749534602138567
2969,-0.0070863810496661905
2970,-0.008385267415343622
2971,0.02430127277834826
2972,0.012236547668388997
2973,0.015968427906293048
2974,-0.007533924036784101
2975,-0.005339986471148861
2976,0.02379074446545748
2977,-0.007223423671642082
2978,-0.004375819444918827
2979,-0.025096153346578443
2980,-0.010296856330164639
2981,0.014393077674446975
2982,0.009565433096568654
2983,0.005395620556873704
2984,-0.020602152526390638
2985,0.05495396311200529
2986,0.009678791951528432
2987,-0.008506902363948798
2988,0.008529168137044518
2989,-0.0076289436872911676
2990,-0.0030596562808355987
2991,0.004540387059410289
2992,-0.0036362625991430697
2993,0.013457111434446167
2994,0.006301560938204442
2995,-0.0002236379832172286
2996,-0.01595719945135743
2997,-0.0017173600665125743
2998,0.03150074630404376
2999,-0.0007359972669626069
3000,-0.001153615861797741
3001,-0.017989292803846424
3002,-0.014414673225981334
3003,-0.001701468491872915
3004,0.007834077705681786
3005,-0.0074701873164955135
3006,0.014417195005260064
3007,0.007569911693504627
3008,-0.006393675967656276
3009,-0.024461693554630015
3010,-0.011806061517606214
3011,-0.008479656787954593
3012,0.001368241886426036
3013,0.014952536560953966
3014,-0.014265987203176067
3015,0.005752266979211607
3016,-0.0039435756327799165
3017,-0.012427948628287555
3018,0.018000372767709827
3019,-0.002634033280725645
3020,-0.004209933756522344
3021,0.0077202283028452445
3022,-0.011413399813066882
3023,0.022932083308337292
3024,-0.0005668552903606017
3025,0.007013003966575226
3026,0.012647833924281038
3027,0.0036406689949752824
3028,0.0038794613985002613
3029,-0.001831872216021213
3030,-0.01578796546369654
3031,-0.007280015732729406
3032,0.018629156888511744
3033,0.011998491696556757
3034,-0.0010731406833069945
3035,0.0003747407241416756
3036,0.01099035311463914
3037,0.002297726629491237
3038,-0.012546821623067639
3039,0.014703415236634987
3040,0.010627670352346241
3041,0.01455697481592555
3042,-0.010629202818498551
3043,-0.006111306276406214
3044,0.013078702125806085
3045,-0.01093479101149153
3046,-0.008669284773244579
3047,0.002333758026582311
3048,0.011739018497247233
3049,-0.0004600783226570426
3050,0.0032473515725099933
3051,-0.013768809988775166
3052,-0.002498208606913188
3053,-0.020060990147387714
3054,-0.001378082017987281
3055,0.005319388656823465
3056,-0.010682463919532759
3057,0.0034058071771769782
3058,-0.00369575857615434
3059,-0.003835968646608179
3060,0.007777208855662243
3061,0.016037759204925006
3062,0.0006928034195483601
3063,-0.01532875545845902
3064,0.0016321686467004604
3065,-0.01844993835434383
3066,-0.01442941114300933
3067,-0.0014253113538461593
3068,0.016530097459250825
3069,-0.006254264280257216
3070,0.017545021921952175
3071,-0.0116924480458942
3072,0.009615536578388095
3073,0.013130444130342367
3074,-0.017046522786992147
3075,0.002703537623610419
3076,0.0065619823962848045
3077,0.0018697696053857626
3078,-0.0022445961868275965
3079,0.014534821099468687
3080,0.005855416736464392
3081,0.014094563182891262
3082,0.0038104331221249232
3083,-0.00554806629183191
3084,-0.0026181469090900134
3085,0.0039007675472433334
3086,0.0010264080276236598
3087,0.00026854551282173844
3088,-0.004075991331179196
3089,0.01328255696851044
3090,-0.002442565189323953
3091,0.003588039238947127
3092,0.0006524141374224524
3093,-0.0001689188419744525
3094,-0.00545703835166278
3095,0.0007768413181550304
3096,0.0010431727342690156
3097,-0.01587385901375138
3098,-0.0042355775973133
3099,0.019908120315989652
3100,0.00853503535365907
3101,-0.0010097755283213772
3102,-0.011239166824209446
3103,-0.006863919256869577
3104,-0.0070831480113198175
3105,0.018512708508981124
3106,0.0002665038430051947
3107,-0.004385284892282848
3108,0.004672283211867079
3109,-0.001743729433030139
3110,-0.001310405784769375
3111,0.0034500014898359854
3112,-0.006682657920612178
3113,0.01213897480445647
3114,0.009633196947421485
3115,-0.001455109362356155
3116,0.00040609228571142353
3117,-0.011222699859006702
3118,-0.007244882763319582
3119,0.008659973017234535
3120,0.012950554599617359
3121,0.0003810054305815047
3122,-0.005545188564401338
3123,0.009501074673233134
3124,0.014461002259727351
3125,-0.0019161539531046268
3126,0.0021774546781443416
3127,-0.0034578147119415092
3128,0.006048691647067006
3129,0.0017941638818190775
3130,0.009071935882738913
3131,0.006592835912557771
3132,0.0011909183992246941
3133,0.012397590958549198
3134,-0.0034061546523947994
3135,-0.005188112106224607
3136,-0.005123798005776337
3137,0.0036096974314041574
3138,-0.007559904328775513
3139,-0.0040857324732237466
3140,0.010963197660921242
3141,0.0005043864815803545
3142,0.0039413776521683985
3143,0.011800810724707178
3144,0.0011504151764054615
3145,-0.0014872487148327451
3146,-0.007830591243009888
3147,-0.0025246452018024
3148,0.002531035167593787
3149,0.006368513543432819
3150,0.008045951780935923
3151,0.007936986259031498
3152,-0.000622959257879141
3153,0.0034723089048120936
3154,0.007430590513983537
3155,0.002223765066442951
3156,-0.0066345370480683785
3157,0.0
3158,0.004467438857308936
3159,0.002729946067407063
3160,0.00015353995234068663
3161,-0.006629816774209485
3162,0.00979029442614654
3163,0.0019040505007756892
3164,-0.0028616321404527634
3165,-0.013910791580608706
3166,-0.002865854019277636
3167,-0.004522879995979445
3168,0.008728620898513118
3169,-0.004348615806372802
3170,-0.006685215337868811
3171,0.0003589491246021037
3172,-0.0005830918128962859
3173,0.005520072444272106
3174,-0.011648978383582032
3175,-0.007338171166600516
3176,-0.007619887973886019
3177,0.00048119684376235483
3178,0.006506347257596357
3179,-0.002708470429102272
3180,0.01113766881135958
3181,-0.013859093359764652
3182,0.007049845301256408
3183,0.0063414529243217554
3184,0.014454712243125778
3185,0.004118722266999164
3186,-0.0014633706164266513
3187,0.001865182201190585
3188,-0.004321908097323024
3189,-0.006722417969909689
3190,-0.003070286668683142
3191,0.0015061009943364567
3192,0.006576724822964453
3193,-0.005485606465861714
3194,0.0011659042311920054
3195,0.008622429290129796
3196,-0.012048248926975313
3197,0.0005863425903920305
3198,-0.0020738326360975057
3199,-0.009193359337674178
3200,-0.01652829623047891
3201,-0.0022485387212189956
3202,0.004205111369990133
3203,-0.01469118153514748
3204,0.000399153398939589
3205,0.005797542386623888
3206,-0.00242708420227844
3207,-0.00039765944007363885
3208,-0.013386033758899574
3209,0.007282012630518198
3210,-0.00037684817157690453
3211,0.011872912662922674
3212,0.006402028926329573
3213,0.0052048540120419595
3214,0.00409627007003488
3215,-0.006096406102702678
3216,-0.004980788049564255
3217,0.010521375314937575
3218,-4.58945269309341e-05
3219,-0.013325060005730971
3220,-0.008786387525284711
3221,-0.012288098335828557
3222,-0.0017331366809016924
3223,0.007539336151123566
3224,-0.014352027834593106
3225,-0.011974753552548068
3226,-0.004532707430183303
3227,0.011955679656719731
3228,0.006280230761163796
3229,0.010664801943178537
3230,0.019164466970280847
3231,0.00912334206789045
3232,0.002300416430675911
3233,0.0028460267838077424
3234,0.0007323879978684555
3235,-0.007798686293533086
3236,0.015604829444647361
3237,-0.0009532926966400179
3238,0.019400719233375607
3239,0.0021171228835727973
3240,0.0012231570893888044
3241,0.0012437828194462597
3242,0.007697621727975834
3243,-0.0021795257632892806
3244,0.003860882861413284
3245,0.0006153791264416064
3246,-0.0018009803257384993
3247,0.0009901453268732485
3248,-0.0007035471692623529
3249,0.003937542393116722
3250,0.005915879914286659
3251,-0.005249485190584546
3252,-0.0001970161015886207
3253,-0.004029574922032708
3254,0.007630284153358202
3255,0.004299143128265959
3256,0.003889577120508081
3257,0.0045672351123922095
3258,0.013790161687407432
3259,0.003209361911807429
3260,-0.0016465413900053072
3261,0.005624990476392311
3262,0.0060809116610911484
3263,-0.013857322727976351
3264,0.009482088469876748
3265,0.0020096097643182986
3266,0.0042224761299560765
3267,0.0018080937805731168
3268,0.0003776838933284843
3269,-0.0028949616565322467
3270,-0.005596284956992159
3271,-0.008166717584891958
3272,-0.003220995996273235
3273,0.0013695639400774784
3274,0.0142759621530677
3275,-0.0015170774730243197
3276,0.00565536263413513
3277,-0.00044047626504317705
3278,0.0006925659345942137
3279,-0.003671124874278009
3280,-0.005558730486911578
3281,0.008892793107974972
3282,0.012466115182375503
3283,0.0021143541735630933
3284,0.0029165469581295955
3285,0.0010931458230620805
3286,0.005439005638101513
3287,-0.001270493161088404
3288,0.007919344910564119
3289,-0.0007734967273702598
3290,-0.016317193052865164
3291,0.013088148753004791
3292,0.010527354162953584
3293,-0.0036411699647066476
3294,0.002903317158692076
3295,0.008340363786699667
3296,0.00044177852781568383
3297,0.005779333320687474
3298,-0.00043898401381026186
3299,-0.013772996733731113
3300,0.009087572526508936
3301,0.006899829579479322
3302,-0.0049800282921945715
3303,-0.0055054297357570725
3304,0.0009059076029327429
3305,0.02069544603256035
3306,0.0006896973841679088
3307,-0.0036625443552367187
3308,0.0018577297683144423
3309,-0.0013216327301207587
3310,0.003594940403292668
3311,0.009388258627256896
3312,-0.0010724087502199664
3313,-0.009994038002981709
3314,0.0050670817720237515
3315,0.009926490233141294
3316,-0.006002145228165889
3317,-0.0008598578715883765
3318,0.01075744288527436
3319,-0.0015676192698398372
3320,-0.0019768527917802814
3321,-0.006866450712745165
3322,0.0059430192931073655
3323,0.005557174009747756
3324,0.009249318921875416
3325,0.0033046062237227503
3326,-0.0018958132550932483
3327,-0.0027627680562994916
3328,-0.0018470076966505822
3329,0.008403779071712636
3330,-0.00019101916069119707
3331,-0.0017398864949251802
3332,-0.006357914348117388
3333,0.001098325788019272
3334,-0.012206065590803172
3335,0.010446920337082055
3336,0.0005594029957476376
3337,0.0011567240013028446
3338,-0.010013139795027826
3339,0.007546879044278976
3340,-0.01380304026646717
3341,-0.012528126529654515
3342,-0.0018238330074140663
3343,-0.005918203735257865
3344,-0.0020577589383303785
3345,-0.008728246325253486
3346,0.0092090616244902
3347,0.011866606407121338
3348,-0.00047460012701772136
3349,-0.003798910489570706
3350,0.009473867414985016
3351,0.003541527196544214
3352,-0.01584125045404272
3353,-0.003247195121439117
3354,0.009353476939043315
3355,0.012395321849770768
3356,0.010326814202341605
3357,0.0011035124037734878
3358,9.662322797221456e-05
3359,0.005761772076199545
3360,0.0012881153363788478
3361,0.0001343829886610859
3362,0.004588163746698903
3363,0.012382831408728867
3364,-0.002057441250819414
3365,0.0014376199580112825
3366,0.0011523089972604872
3367,0.00245237328049952
3368,-0.0028792261580927736
3369,-0.007304500446095541
3370,0.006616612925963272
3371,0.0006989393428611379
3372,-0.00700276572152847
3373,-0.006633706511484649
3374,0.009108399839571346
3375,0.0008151227727246635
3376,0.0011179722675220827
3377,0.011885048079664395
3378,-1.8667870067878845e-05
3379,-0.0012156372883403987
3380,0.003089693641562752
3381,0.0024083339534810566
3382,0.008213044302524564
3383,0.0020135457128012124
3384,0.0006083470286653014
3385,0.007958869996252504
3386,0.0025408656937804253
3387,-0.002716740164984688
3388,-0.0013405366589401835
3389,-0.003250750382681522
3390,0.003850909612586273
3391,0.001248088566651262
3392,0.0015765173342141559
3393,-0.003935146149403046
3394,0.0020579528796464963
3395,0.0067299086882688375
3396,0.004462578755279667
3397,0.005766490526863954
3398,0.0011539277440908435
3399,0.0009724243469326765
3400,0.00989523962738681
3401,-0.008622528906713556
3402,0.0063074618939908955
3403,0.0027501634019924115
3404,0.005930166286101768
3405,-0.014021067703364753
3406,-0.007684974411527268
3407,-0.0066405468172583415
3408,0.010309881775114604
3409,-0.0015685869926825857
3410,-0.0226625743526625
3411,-0.00521029810842677
3412,0.011199741988501932
3413,0.0005877164537111401
3414,-0.00506650238119033
3415,0.01625468809589914
3416,-0.014161066423977298
3417,-0.018618269763994943
3418,-0.029123654017463196
3419,0.009219556297245246
3420,-0.00668417031917834
3421,0.023117562270155823
3422,0.004409461692823413
3423,0.0005255602816947036
3424,0.016445463261740345
3425,0.0031548650794410715
3426,0.017140184823515314
3427,0.002242004910600892
3428,0.009561441461407583
3429,-0.0016261297383417528
3430,0.0034365165777914264
3431,-0.00784848044609232
3432,0.010625265040024923
3433,-0.0023836281474131082
3434,0.0013730097144293296
3435,-0.005805391940985616
3436,8.965474952127295e-05
3437,0.009546046757068938
3438,-0.02057901135103779
3439,-0.0020468983395465212
3440,-0.0024319970640614974
3441,-0.01683026882624139
3442,0.011196148917254733
3443,0.004355792287686011
3444,0.01025891466094575
3445,0.008423326639449114
3446,0.005222690519001816
3447,0.001476904780544519
3448,0.0004086459917997942
3449,-0.0029659180078688285
3450,0.017064390343237257
3451,-0.00172849088924798
3452,0.002498731282417843
3453,0.0028613824113929986
3454,-0.0022055585294177282
3455,0.003964796034987783
3456,-0.0014504359219821295
3457,0.004007267241452839
3458,-0.008958353085511184
3459,0.00042199866585579393
3460,-0.0018281783130682516
3461,0.00908732772544707
3462,-0.009040435633693833
3463,0.009457525224118024
3464,0.006926567826149865
3465,-0.0017501789300702342
3466,0.005988159057053188
3467,0.00817843597470147
3468,-0.007769646579291134
3469,0.004346386057136886
3470,8.58024822625314e-05
3471,0.003846604671316811
3472,-0.0016421977480930439
3473,-0.0005311642017283846
3474,-0.009137352091113105
3475,0.00216265626630463
3476,-0.00034534209873338106
3477,0.0030913848076141726
3478,0.0016183570780052836
3479,-0.0030252014700733465
3480,-0.019603028008119194
3481,0.0042203797702589085
3482,-0.0021540231177191727
3483,0.01209196340310914
3484,0.024865607909888565
3485,0.007732068906930678
3486,0.0043318207817757415
3487,0.0009527419007668847
3488,-0.003106247982713639
3489,0.00048581210868370306
3490,-0.006430299955496599
3491,-0.012808648464564198
3492,0.004097417095878075
3493,0.0036554277991209805
3494,0.00033887171686064477
3495,0.005368259133708753
3496,0.003099569667365687
3497,0.0033919668690454152
3498,0.005221485250881619
3499,-0.0030301134382243466
3500,0.006212181426890284
3501,0.0017924183087796308
3502,0.0004636579149661646
3503,0.006209606216237118
3504,-0.00164564895566377
3505,0.0018957376773496293
3506,-0.005149694578017394
3507,-0.003109050591352358
3508,0.007730539283834936
3509,-0.005152560662208372
3510,-0.00019848037633596327
3511,0.004269959573134585
3512,-0.004120122260447667
3513,-0.02980349242584579
3514,-0.0003071492857964486
3515,0.012011093146227614
3516,0.005988331193196972
3517,0.011114912881524663
3518,6.667892006695375e-05
3519,-0.01052660275787276
3520,-0.011411595605998581
3521,-0.0036380356507244027
3522,-0.0024570163568166103
3523,0.012503434201538655
3524,0.005760549823045968
3525,-0.01130402579003853
3526,0.0014610641578962635
3527,-0.01526749440544617
3528,0.001550409899268912
3529,0.0013759735522442806
3530,0.018190013648020642
3531,-0.0019231569978490626
3532,0.010039881189775057
3533,0.009153553197527309
3534,0.005621428953963337
3535,0.00545808133998138
3536,-0.0029192948056772083
3537,-0.014145261200149584
3538,0.008592295985727194
3539,-0.004482896192468444
3540,0.005367133849927264
3541,-0.005321940188832808
3542,-0.006729567512474888
3543,0.006708191462994728
3544,0.004054578820281707
3545,0.0034756472494952284
3546,-0.009153556065037205
3547,0.006791203577796834
3548,0.0007606320483832807
3549,-0.003221581839285892
3550,0.010557507766300267
3551,-4.914154850454988e-05
3552,0.0029358482958072862
3553,0.002354917010085833
3554,-0.004160332738465833
3555,-0.017104070340819955
3556,-0.0045504828497978655
3557,-0.004973172504068257
3558,0.0005048451078173422
3559,-0.01596193038140048
3560,0.015605537091145427
3561,-0.017519873178703183
3562,-0.011836938395689
3563,0.01074788244534175
3564,-0.017751124115705674
3565,0.005604785986995209
3566,-0.026635520445278282
3567,-0.008312918961937199
3568,0.005306651377843918
3569,-0.013330577942193056
3570,0.02065579987749455
3571,0.0077113783331923536
3572,-0.01080847590291667
3573,0.01089089709595048
3574,-0.0028918386728397083
3575,0.00032996839404408895
3576,0.01790847553438546
3577,0.002403816676108894
3578,-0.011938242736113436
3579,-0.0026557009233101336
3580,-0.02013827590476458
3581,0.006712717356062825
3582,0.002824459667514878
3583,0.006328459867428915
3584,-0.04928086972721479
3585,-0.058542957104373516
3586,-0.001781174121098017
3587,-0.01566278337607918
3588,0.10501936290804648
3589,-0.04381910213860685
3590,0.017842820692500094
3591,0.009701469350871017
3592,-0.0028008701353233745
3593,-0.0222280445795201
3594,0.0014268034792483952
3595,-0.023802693225792537
3596,0.02601781885077692
3597,0.015495410311062274
3598,0.021048963329638015
3599,0.007225296308140727
3600,0.0003813189723198551
3601,0.006299366429427744
3602,0.00039689862486880223
3603,0.007086918658016916
3604,0.014844126966101712
3605,-0.005734344664454216
3606,-0.008358306173355534
3607,0.004205449962551011
3608,0.006967875967815118
3609,-0.0012742324352930101
3610,0.033047460253633476
3611,0.006603942183768696
3612,0.0012780543198120942
3613,0.004884307758791007
3614,0.006333987933543117
3615,0.0010938861981293346
3616,-0.003362149651729207
3617,-0.016850834890440813
3618,0.00039468861295000046
3619,-0.006825797034137326
3620,0.02079063898527833
3621,-0.005785424528526595
3622,0.00394740747954514
3623,-0.0011184904808482221
3624,0.00563288531499917
3625,0.005702652159287558
3626,-0.000268445293026387
3627,-0.004832799140579991
3628,0.010269004884551292
3629,0.0009012630147242628
3630,0.0056696491505836555
3631,-0.0028519840864627
3632,0.003974290184260543
3633,-0.011180122082398825
3634,0.00951425682474416
3635,-0.008545074332639513
3636,-0.00015070059899136012
3637,-0.00234855816398305
3638,0.00987749011881256
3639,0.011047245877038092
3640,0.0005602785258216336
3641,0.007823824018649228
3642,0.004968339764334306
3643,0.004781191670012452
3644,-0.00032362414789344207
3645,0.004533291803274775
3646,0.00788139987465386
3647,-0.007452000479036269
3648,-0.0005477312372305088
3649,0.005996663994070728
3650,0.002820257303000284
3651,-0.0035154072757080934
3652,0.0019082172648787754
3653,-0.004273271747553764
3654,0.0033432282214846953
3655,0.006119649327969823
3656,-0.0007323752525193461
3657,0.0018961764380651669
3658,0.00014308223598114012
3659,0.008507516372031176
3660,0.0003310590028946514
3661,0.004224319453948855
3662,-0.0002510958258695739
3663,-0.002637599568784843
3664,-0.0012593076546151272
3665,-0.003751229077306739
3666,-0.01639040328219421
3667,0.01519978873502148
3668,-0.0050699689365404366
3669,0.007659695237280717
3670,-0.0008376201402309214
3671,0.007797536853746623
